Price,Close,High,Low,Open,Volume
Ticker,TXN,TXN,TXN,TXN,TXN
Date,,,,,
2021-01-04,143.0172882080078,147.9720191619848,141.7301090721953,145.11556118113253,4659900
2021-01-05,144.06643676757812,144.17222753053812,142.18857000980697,142.55885113270548,4734100
2021-01-06,144.780517578125,147.62816372190838,142.8850284366746,143.0877985026004,5254400
2021-01-07,148.0601806640625,148.73021116513436,145.30951355672488,145.75913769464375,5673600
2021-01-08,150.8990478515625,152.30082939130128,148.8713061879721,150.86377529252144,4556500
2021-01-11,151.03128051757812,151.6748634436994,149.11815456551852,150.08794811381563,4553100
2021-01-12,151.904052734375,153.10306376614827,150.73148938728872,151.01360250812837,3406600
2021-01-13,151.11947631835938,152.38901957833994,150.64339086959586,151.89529784748177,2953900
2021-01-14,151.38392639160156,152.11566374672992,150.1849151270276,150.84613427765578,3416300
2021-01-15,149.1622314453125,150.83731463724186,147.73400233529827,150.74033528702245,3734600
2021-01-19,153.57032775878906,154.01995186162083,150.9254516073501,150.9254516073501,6277800
2021-01-20,152.81216430664062,154.44316356784,152.3360789571809,154.14341409746245,4329500
2021-01-21,154.37261962890625,154.69881673626884,151.7365547254494,153.77310733553716,3583900
2021-01-22,152.35369873046875,154.68118948529468,152.30080335349,153.8348365485602,3736800
2021-01-25,152.45069885253906,153.9053891804256,150.47585264341092,152.84742768649386,5401900
2021-01-26,151.17233276367188,153.64969838429772,151.02245803583574,151.7013134698897,5341900
2021-01-27,143.64324951171875,147.7780756406444,142.8586032824211,146.74657532477258,10011200
2021-01-28,149.19749450683594,150.84614350430257,145.59164908013116,148.00730803442917,6796600
2021-01-29,146.96229553222656,149.0111973300573,145.48105489714595,147.8137805092969,5969800
2021-02-01,152.96710205078125,153.4460606782366,148.14197520272472,148.4435422472007,5715600
2021-02-02,154.998291015625,155.84091135008907,152.56798389794915,153.49044196435565,4861200
2021-02-03,149.52566528320312,155.4506287313238,149.45470593522356,155.02488617755813,5019200
2021-02-04,152.55908203125,152.66551426919395,149.06441252158825,150.74966631565502,3519800
2021-02-05,150.72308349609375,153.60574131093233,149.06445086893356,153.26870129270193,4045000
2021-02-08,155.32644653320312,155.565932630505,151.53020955232748,151.97369530742145,4597600
2021-02-09,154.05807495117188,155.41514020134733,153.73876468441821,154.77651966784,2777700
2021-02-10,154.65235900878906,156.23116727494758,153.10902364939415,155.39741185783004,3414600
2021-02-11,158.9630126953125,159.34440389447298,155.61026194289133,156.10696375301163,4776000
2021-02-12,159.33555603027344,159.56616374265528,157.28665407815998,157.8809233453103,2532500
2021-02-16,160.32896423339844,161.25142217690598,158.6259805693589,159.65487076245915,3887600
2021-02-17,158.3509979248047,159.84111686716616,156.42627167209082,158.16474151582767,4315100
2021-02-18,156.559326171875,157.45517600052105,154.51042428253692,157.3753382838909,4195100
2021-02-19,158.19142150878906,159.27352815718172,156.6746938182993,157.75680046669194,4248500
2021-02-22,153.52589416503906,156.9229966447142,153.16223260071962,156.10698448626567,4386900
2021-02-23,153.31301879882812,154.72330014006863,149.4635524637769,154.48381406174718,6514400
2021-02-24,159.1138153076172,159.45086880527893,151.2907337908757,152.23092140634174,5100500
2021-02-25,151.25523376464844,158.3243969991018,150.8383561183926,158.3243969991018,6099600
2021-02-26,152.79861450195312,154.2000313749328,150.01352397907584,153.69445102294742,6060600
2021-03-01,157.58824157714844,157.7567683455683,153.52591005007926,154.77654324656228,4771500
2021-03-02,155.1224365234375,157.57935123224905,154.46607277742027,157.49952704984582,5401500
2021-03-03,151.30845642089844,155.7699217320702,151.10445677693102,154.41285649617717,4715900
2021-03-04,144.798095703125,151.53908443893627,143.39667912521278,151.22863900387634,8318900
2021-03-05,148.9580078125,149.747411969396,143.71600257923498,148.60321106360104,5681200
2021-03-08,143.78692626953125,149.25067304054448,143.48535925834054,147.5831625695461,6065400
2021-03-09,151.10447692871094,152.42606943786112,147.49449614907525,148.27503546015583,7610300
2021-03-10,150.27069091796875,153.4460501108293,150.17312352393276,152.24863332348838,4270500
2021-03-11,155.17562866210938,155.75216813661717,152.97594359315752,153.0114164907064,5002700
2021-03-12,153.95167541503906,154.4217693056746,151.45040887170592,153.46383830189467,3514600
2021-03-15,155.1402130126953,155.29986141173927,152.3462442224075,153.86297168389098,3876500
2021-03-16,157.11813354492188,158.59937435011665,155.95620302632733,156.32872943834235,4132600
2021-03-17,159.07835388183594,159.81452836283282,154.70557707577782,155.6102918518781,4004800
2021-03-18,154.65235900878906,159.45087831174052,154.54592675438656,156.24891049538522,4214400
2021-03-19,156.08920288085938,157.92523993642956,152.95819532881958,155.83198716332205,8447300
2021-03-22,159.74354553222656,161.15382673039554,157.65915744629729,158.13811602024023,4476100
2021-03-23,158.5727996826172,161.93443000979505,157.62374699992404,161.34902543872406,4688500
2021-03-24,158.67921447753906,162.04084443443747,158.5727822160183,159.64602381143217,5056100
2021-03-25,158.31553649902344,159.16702149856306,154.11128701970273,157.4640379653738,4878500
2021-03-26,166.9280242919922,167.52229353978635,157.00281159456466,157.6680401824983,6363500
2021-03-29,165.1363525390625,166.48455305078505,162.97215338002,163.95669231718063,4983600
2021-03-30,164.9234619140625,167.20297134160433,163.75265318649633,167.20297134160433,4458700
2021-03-31,167.62875366210938,168.92372451167068,165.44679775195468,166.39586378166388,5427500
2021-04-01,170.3517608642578,170.7775034365426,168.54234478146333,169.50914056327946,4581300
2021-04-05,174.67127990722656,175.24781946608366,171.74428497037576,172.07246007362156,4323900
2021-04-06,172.5957794189453,174.59146527639453,171.22097089921365,172.2676042977469,3506900
2021-04-07,171.26535034179688,172.50711875552685,169.86393352959323,172.48051068911457,3678900
2021-04-08,173.1368408203125,173.9262449446199,171.49595160202327,173.9262449446199,3157200
2021-04-09,173.34085083007812,173.45616146735665,170.95490862861453,171.46047539569665,3127300
2021-04-12,170.67991638183594,172.71108866182192,169.71312071126115,170.86618634871613,4504800
2021-04-13,169.62440490722656,171.18546960230526,168.31167757193563,170.4226737041638,4009300
2021-04-14,168.81727600097656,169.85503096292314,167.64646720240498,168.93258661922957,3555000
2021-04-15,171.33627319335938,171.6555834563901,169.25189840850373,170.23642372422904,4471900
2021-04-16,170.23643493652344,172.76430914651945,169.97921915435973,171.77090538904423,5792900
2021-04-19,165.91685485839844,169.50022661143467,165.61528785432256,168.83499811379812,5334900
2021-04-20,164.3292236328125,165.84593741136072,163.45111692189224,165.84593741136072,4258900
2021-04-21,167.5488739013672,167.76175188659263,164.05421833247883,166.66190259742325,4796500
2021-04-22,164.79934692382812,167.45138368292527,163.885767142491,165.5621431381024,3853100
2021-04-23,167.4779815673828,168.5334663873446,165.42906583259122,165.88143000383005,3512400
2021-04-26,169.7308349609375,170.45814441684684,166.65304335022012,167.5134066266517,3842300
2021-04-27,168.71087646484375,170.7509003474669,168.3294716335126,169.46479421543103,3864100
2021-04-28,161.2691650390625,163.2027564176373,159.65487040855822,161.10950313091618,9434200
2021-04-29,164.81704711914062,165.02104677024852,162.00533561395488,162.87457741001774,4547300
2021-04-30,160.99093627929688,163.12249824902415,159.76016885151972,162.48035280461306,6193600
2021-05-03,159.46585083007812,162.14145230840558,158.3599306531968,161.86497566638846,5136100
2021-05-04,159.67098999023438,159.86720187063568,156.54945466779517,158.9842484088298,5222300
2021-05-05,162.00765991210938,163.37221554233705,160.0723098588375,161.43686548906518,5257100
2021-05-06,164.3443603515625,164.8527175406143,160.4914878061045,162.25738091836652,4525800
2021-05-07,167.4569854736328,167.76023067320585,165.3700194306708,166.51160839137552,4591400
2021-05-10,162.36439514160156,167.03776965788933,162.1592695356634,167.03776965788933,4580400
2021-05-11,163.3900604248047,163.6843782196437,158.2261555741527,159.11802273106628,4641300
2021-05-12,157.50375366210938,160.62528887595448,157.20943585174635,160.2596200562174,5297900
2021-05-13,159.63528442382812,161.09794580707185,158.08343089415783,160.52715145285018,4361000
2021-05-14,163.45248413085938,164.9240593744556,160.09014141709164,161.1603791950536,4433500
2021-05-17,161.27633666992188,162.65873345963297,159.51044354197768,162.54278637653337,4162300
2021-05-18,159.52828979492188,162.19497775725665,159.27856805496972,161.5260773233532,3454100
2021-05-19,162.07008361816406,162.25736808027605,156.0767358719753,156.2907888660575,4780000
2021-05-20,165.26296997070312,166.36887642236272,162.56952762223375,162.56952762223375,5387000
2021-05-21,165.00433349609375,166.50267735719623,164.22841344464445,166.50267735719623,3682300
2021-05-24,168.28640747070312,168.87504303049323,166.2886202414816,166.2886202414816,4175900
2021-05-25,168.29534912109375,169.16937522480697,167.56402504499496,168.9820907212756,4270100
2021-05-26,167.9921112060547,169.25856103370853,166.71673399650146,167.724548316536,4221600
2021-05-27,168.6788330078125,169.49934912635842,167.56399910617742,168.33100537485484,10107700
2021-05-28,169.29425048828125,170.37340225617046,168.80372077159777,169.49937614841636,3306500
2021-06-01,168.5628662109375,171.2652221837096,167.7066678867513,170.68551406619096,4817300
2021-06-02,170.12362670898438,170.2217326212948,167.97422401760832,169.00879298218894,3137900
2021-06-03,165.8872528076172,167.54612588004574,164.90619371845688,167.39451013150455,4205300
2021-06-04,169.51719665527344,169.79367329586805,167.20725038150462,167.4748132497233,3462900
2021-06-07,168.1615447998047,169.2763786772778,167.36778362339632,168.74125297256592,2726100
2021-06-08,166.71670532226562,169.42798884347113,165.9853813994324,169.42798884347113,3063600
2021-06-09,166.28858947753906,167.7869330244597,166.03886782118724,167.7512507256611,2866900
2021-06-10,167.6710205078125,168.47369548161217,165.79809409053004,166.19051780529875,3188700
2021-06-11,168.26853942871094,168.33097664877732,166.7256133826194,167.7423411830511,2309400
2021-06-14,169.68663024902344,169.76690863105273,166.84158561965214,167.902896041642,3360300
2021-06-15,168.21505737304688,170.10581130504545,167.77803758682683,169.8650169819558,2600100
2021-06-16,167.43017578125,169.89173722978504,166.15481259731087,169.3744527747858,3357900
2021-06-17,167.3588409423828,169.03555529563286,166.06563648450432,166.99318580669782,3222300
2021-06-18,163.27410888671875,166.16374944582122,162.76573813128476,165.8961866065829,7535200
2021-06-21,165.9853973388672,166.45808584395667,163.53276265408445,164.32652388044343,3771200
2021-06-22,166.8148651123047,167.0289181779885,164.40682596082954,165.43248159064655,3299700
2021-06-23,165.97647094726562,167.20723827787953,165.8783650229808,166.31537118758538,2473300
2021-06-24,168.21505737304688,168.29532214741008,167.18048825188032,167.7156139652595,2876700
2021-06-25,167.8226318359375,169.67771705094484,167.0913078850203,167.71561213795258,4639100
2021-06-28,170.81932067871094,171.57741322870677,168.5361428648686,168.5361428648686,3228700
2021-06-29,172.02334594726562,172.13927942661473,170.28419406008408,170.81040603871915,2108700
2021-06-30,171.5060577392578,172.13036203003944,170.78364751643818,171.98766001819996,2687600
2021-07-01,170.20391845703125,171.66657999413945,169.50826318991955,171.25632873856708,3455900
2021-07-02,171.42579650878906,171.95199487842302,170.2663664540199,171.8003790910105,2389900
2021-07-06,170.52499389648438,171.92523183400021,169.0534185637536,171.7557749005365,2619600
2021-07-07,169.25856018066406,172.12145994910213,168.5450636818147,171.9252480716982,2749500
2021-07-08,167.88510131835938,168.8304784556767,165.32543297637633,167.27862449270518,3146900
2021-07-09,169.69558715820312,170.2306993482445,166.77917741118654,167.82266047102235,3109200
2021-07-12,171.16712951660156,171.25632166872862,169.53501111612087,169.94527596356892,4069500
2021-07-13,170.52499389648438,171.64875519890154,170.09690148113202,170.5517488218931,2695100
2021-07-14,170.59634399414062,173.10248845873605,170.1058143495657,172.13035655055,3590200
2021-07-15,167.90289306640625,170.59633548229183,167.13588682647108,169.87392531851336,4259900
2021-07-16,165.9943084716797,169.66881035862508,165.64648082990317,168.80369814031712,4337500
2021-07-19,166.10134887695312,166.18161365721897,163.5416808105878,164.35328321233322,4181300
2021-07-20,167.46588134765625,168.72340355716415,165.67321985083188,166.83264974838553,4287300
2021-07-21,173.23629760742188,173.24521138064935,168.07237866656854,168.07237866656854,6352800
2021-07-22,164.02328491210938,167.36778660409175,163.68437105250192,165.65540337085423,12673900
2021-07-23,167.5747833251953,167.64651857849208,163.36859591689583,165.18918245411342,5983000
2021-07-26,168.83932495117188,169.49402890174542,166.1936460609011,166.2384908593215,4516600
2021-07-27,166.03221130371094,168.46264322740475,163.43136368230108,168.17566116711387,4649900
2021-07-28,167.5747833251953,168.1577246300285,165.93356229064096,167.09945858501797,2956700
2021-07-29,170.2473602294922,170.8123745433306,168.1218510446108,168.46264138217907,3081800
2021-07-30,170.95587158203125,171.2518308313059,168.937978806286,169.05457254576996,2521600
2021-08-02,171.0455322265625,173.6284389214178,170.76751368074022,172.55221867542215,2922600
2021-08-03,169.80787658691406,171.70021169925604,168.10388411131296,171.2338505339947,3703400
2021-08-04,172.5343475341797,173.42221173429314,169.72722966055343,170.3012075912772,3793600
2021-08-05,173.23382568359375,173.89747932222963,171.82577862432032,173.80780342537255,2769500
2021-08-06,173.05445861816406,173.65534049196046,172.3638871636243,172.52531198731197,2414300
2021-08-09,170.80340576171875,173.56567833155995,170.69578919559208,173.34146802898886,2395900
2021-08-10,170.08592224121094,170.88411033429938,167.54787377527336,170.88411033429938,3497100
2021-08-11,169.95138549804688,171.44910846686722,168.60612387141325,171.44910846686722,2339300
2021-08-12,168.48953247070312,169.55677556541056,166.9559418586669,169.36844659852636,3949600
2021-08-13,169.23391723632812,169.30566616836003,167.70929006360092,168.1935782489295,1923700
2021-08-16,170.2653350830078,170.3639881784975,168.69586272685314,169.0456303045505,2506100
2021-08-17,167.09945678710938,169.26981082081704,166.0053094425123,169.09940880547168,3411800
2021-08-18,164.83941650390625,167.31469330753453,164.62416968783435,166.55238649277928,2862500
2021-08-19,165.9514617919922,166.78553108414485,163.18920340184616,163.8977018097383,3871700
2021-08-20,165.8887176513672,166.95596086758653,164.40893514710163,166.1487955777693,3855300
2021-08-23,168.47161865234375,169.1801171528226,166.4268218868763,166.63309152351542,3529000
2021-08-24,168.44471740722656,169.97830816533033,168.18462580095417,168.5343933146191,3268200
2021-08-25,168.68687438964844,169.61061982049324,168.0052799380161,168.93798885523466,3163600
2021-08-26,168.57925415039062,169.13529135714487,167.3236818497482,168.3012355470135,3643700
2021-08-27,170.86618041992188,171.11729484815945,168.65994516073758,168.9648678686389,2859800
2021-08-30,171.68228149414062,172.4535653708609,171.03656850602746,171.6464138721878,2356500
2021-08-31,171.2159423828125,172.8212819745846,169.60162562158027,172.28318551064686,4227500
2021-09-01,168.9200439453125,171.99620266445072,168.75860541474293,171.99620266445072,4536600
2021-09-02,169.87069702148438,169.87966050709645,168.64201525708842,169.69133151626704,2061400
2021-09-03,170.29222106933594,171.14421752059522,168.78552065204528,169.2070371346693,2103400
2021-09-07,169.91555786132812,170.48953574304147,169.03664353877318,169.79896411380892,2295900
2021-09-08,169.32362365722656,169.53885679001195,167.81692330417437,169.05456855653392,2021600
2021-09-09,169.02761840820312,170.9647981842663,168.839275783569,170.09486135014646,1827900
2021-09-10,170.9827880859375,173.49394645869165,169.80792817445095,169.80792817445095,3331700
2021-09-13,173.96925354003906,174.10378793194485,171.51191739053866,173.05448536169155,3687200
2021-09-14,174.98269653320312,176.08580743708205,173.80783668728253,174.88404344848476,3239600
2021-09-15,177.12612915039062,177.20684157048316,174.7315648946746,175.8974611399483,3995900
2021-09-16,176.5163116455078,176.98265926960045,174.74953318561862,176.3100282930349,2661500
2021-09-17,176.00509643554688,176.9557459770589,174.53427732355038,176.9557459770589,5819300
2021-09-20,172.72265625,173.75403191741606,170.184593823359,172.9827478807523,4614300
2021-09-21,173.05445861816406,174.42662435834407,171.15314624713196,173.9512996867632,3093400
2021-09-22,175.70913696289062,176.40867204671693,173.75402959648162,174.65983433715118,3526100
2021-09-23,178.17543029785156,178.56107910984986,175.59252339703878,176.04992114347186,2756900
2021-09-24,179.95118713378906,180.19333809735005,176.78533869004073,177.00954899730172,3191500
2021-09-27,179.6641845703125,179.7718011264192,177.27858388874327,177.78081273018742,3022300
2021-09-28,174.785400390625,178.57007177099086,174.48047763298905,177.11719324425658,4274600
2021-09-29,173.1531524658203,175.61946598535823,172.2921788159084,174.46253307093633,3436800
2021-09-30,172.38186645507812,174.87508408984687,172.28321336803137,174.41768628412476,3270800
2021-10-01,173.79884338378906,174.2831452764374,170.56124623001088,173.47598001692688,2986100
2021-10-04,170.75856018066406,174.32799803420784,169.5298921073202,173.1262204175614,3934100
2021-10-05,173.87957763671875,175.08134157007538,171.00967482581643,172.39978143396397,3860200
2021-10-06,174.3369598388672,174.57911079391704,171.83477891905414,172.23835472099682,3103400
2021-10-07,175.16204833984375,177.35034300439474,174.91093390470286,175.61046892898256,2873200
2021-10-08,175.09930419921875,176.11272558495912,173.97825254950095,175.94232354464802,2574100
2021-10-11,173.42218017578125,175.98714658047422,173.3683718928041,174.78538264494884,2280200
2021-10-12,169.03662109375,174.19345785797668,168.01422270005693,173.9154392828503,6225100
2021-10-13,167.7989959716797,169.84379283700423,167.27882642738334,169.6464866759018,3796500
2021-10-14,172.63296508789062,172.71367751042553,169.44019896561258,169.83481127761945,3412800
2021-10-15,174.3907470703125,174.70464692543825,172.7674668882993,172.96477302271396,2648900
2021-10-18,174.8033447265625,175.83470676926754,171.85272912435718,173.24283590539932,2804600
2021-10-19,177.78085327148438,178.05887189463272,173.84372037447463,174.53429203129366,2666100
2021-10-20,178.8122100830078,179.38618792688476,176.72256836014185,177.6642543952539,3043300
2021-10-21,180.525146484375,180.7852380775985,178.47138630147452,179.05432756676632,3276300
2021-10-22,178.53414916992188,181.35919292090418,177.70007990177058,180.75831107714538,3649200
2021-10-25,179.54762268066406,181.39511353986273,178.525224162238,179.36825716044603,4254900
2021-10-26,176.65977478027344,179.72697002537092,176.22033135288626,179.43998795898648,5837500
2021-10-27,167.7989959716797,169.07250884852493,164.6152069372112,166.48960178297355,10365500
2021-10-28,168.48953247070312,170.0410774211024,167.01871361939192,168.3998565718518,5123000
2021-10-29,169.1753692626953,169.96945478859396,168.04741312658737,168.19179481656818,4552200
2021-11-01,169.1663360595703,170.15894288179908,167.91204949456923,168.4985811274351,4203900
2021-11-02,170.85372924804688,170.8807990875678,167.93909511802144,167.97518364771847,4009600
2021-11-03,170.7183837890625,171.54855768020076,168.44442083655764,170.25816896914301,3666900
2021-11-04,172.45095825195312,172.5502189426697,170.02359444451733,170.9981501981902,4828000
2021-11-05,174.51736450195312,176.34916413010976,173.0916400901527,174.74295572481967,4510500
2021-11-08,173.57888793945312,176.30403340380576,173.00137503664268,175.09485414595792,5213900
2021-11-09,172.1621856689453,175.01366193256004,171.80124523235904,173.8225474766293,4314700
2021-11-10,168.76025390625,172.32459179891265,168.2729692464775,171.12444506820478,4304600
2021-11-11,170.18601989746094,170.38454127027308,168.95880312416554,170.2221084338835,2554800
2021-11-12,171.52149963378906,173.10965669529858,169.02194532914007,170.46573448978063,3121700
2021-11-15,170.75448608398438,173.17283089136606,170.09576363979582,172.55019698057393,2985200
2021-11-16,170.1138153076172,171.67490255039178,169.78896343008665,170.6371885419161,3312000
2021-11-17,171.06130981445312,171.66589260669332,168.9678167705813,170.0145632925172,4167800
2021-11-18,174.58050537109375,175.20313923767742,171.57562916866374,171.9636531623434,4677300
2021-11-19,176.10549926757812,176.18670878653222,173.81348520448233,174.95949223603023,5129100
2021-11-22,173.7052459716797,177.6846785475899,173.45258489724054,176.59281094312402,4712300
2021-11-23,173.83155822753906,174.74294173813297,171.87342822206867,174.70685320372093,4881400
2021-11-24,174.69786071777344,174.76101910471712,171.53958337668038,174.03010569453215,6494000
2021-11-26,169.8791961669922,173.723279114852,169.07609202742896,171.3229853875302,3324900
2021-11-29,175.40167236328125,175.7174917785235,171.27785866205375,172.41484711010904,4576200
2021-11-30,173.5879364013672,175.69044833113983,172.35170085887702,174.4361616348115,8775600
2021-12-01,173.0374755859375,180.38272478287377,172.92017752045086,176.61986507791818,7279100
2021-12-02,174.67979431152344,175.8799412486298,171.44932640384525,171.86442030507564,4236700
2021-12-03,174.4993133544922,176.89057462067296,172.9652821447972,175.62726937985943,4901000
2021-12-06,175.60922241210938,176.18673536009715,171.23274742181508,176.11454452047434,4084600
2021-12-07,179.59768676757812,180.3466512944562,176.80035004159964,177.2244626504221,5815600
2021-12-08,177.21543884277344,179.11942929689062,174.94147548202315,179.11942929689062,4255900
2021-12-09,174.51736450195312,177.6756416220846,174.3820152758314,176.4755084331507,3626700
2021-12-10,176.86349487304688,177.18834674092037,173.98494905447208,176.8815460237603,3264200
2021-12-13,174.37295532226562,177.5312316950611,174.07517332626583,176.9537188519382,6178300
2021-12-14,171.69296264648438,172.96528661151982,169.7889722757353,172.32461528320317,6130400
2021-12-15,174.55343627929688,174.79707861269904,169.5272581037784,173.2540288598094,6342000
2021-12-16,169.8611602783203,175.2663167890265,169.391926712169,175.0587767337843,5452300
2021-12-17,168.11056518554688,170.88985042499624,167.5059824211366,169.08512082293777,8427700
2021-12-20,166.25169372558594,166.9916256928822,164.92521638389024,165.7192880355016,4474300
2021-12-21,168.17372131347656,169.18437924003413,166.25169367589532,169.13022578674125,6089400
2021-12-22,168.67904663085938,168.75123746764197,166.17950603110916,167.830835278901,3375500
2021-12-23,169.1031494140625,170.4927988460401,168.74220902001278,168.95878151783867,3266500
2021-12-27,173.10964965820312,173.20891033107452,169.70774447768727,169.71676316831437,3405600
2021-12-28,172.44190979003906,174.03006679833538,171.79220606641934,173.9759271161993,2806900
2021-12-29,172.1802215576172,174.4090636668869,172.13510056479512,172.70359478256654,2754900
2021-12-30,170.9169464111328,173.13675645057236,170.5559921741127,172.2343915115165,2109200
2021-12-31,170.0686798095703,171.44929672907978,169.88820961944356,170.9169048490583,2813900
2022-01-03,171.99072265625,172.00876003713415,169.15729796122395,170.38451454200552,3781500
2022-01-04,172.1712188720703,173.34429594952633,169.82506471715828,172.3516890911416,4137500
2022-01-05,168.57980346679688,172.90212492662943,168.4263893296031,171.81928988881492,5047400
2022-01-06,168.525634765625,170.1138055284743,167.65033986173464,168.4444252431593,4502600
2022-01-07,161.9203338623047,166.0892546248949,161.43304918390194,164.20331559124634,7414200
2022-01-10,165.09666442871094,165.34029300301097,159.6102849731318,160.53068712514153,7195800
2022-01-11,166.61264038085938,167.9120479291191,163.5175356468471,164.68158021024965,5239300
2022-01-12,167.86691284179688,169.04900845774276,166.39605389759288,167.83984300089685,4240100
2022-01-13,166.17050170898438,171.11547159847984,165.6832306894338,170.5199074209207,5361100
2022-01-14,168.75125122070312,168.92270275091062,165.13277300941172,165.36738292132995,4731400
2022-01-18,164.48304748535156,166.35996783996066,163.56263157408313,165.68319426940903,7382800
2022-01-19,160.8916473388672,165.65613240341136,160.79238665964778,165.5298018815861,5207300
2022-01-20,156.5151824951172,162.9309972120332,156.45202411468085,161.3247888598597,6057800
2022-01-21,158.4913787841797,162.0196290324852,156.40691795907227,157.06564051524558,11527900
2022-01-24,160.927734375,161.18039541629912,154.41265944794267,158.61768270084005,11717600
2022-01-25,156.9753875732422,160.62995401916018,156.14519983573115,157.83263138439585,8157600
2022-01-26,160.91873168945312,165.35836527399806,158.97863892415901,164.47405154149405,12852700
2022-01-27,157.74241638183594,163.34610883921093,156.19938001158542,163.2378156811432,6752900
2022-01-28,161.03968811035156,161.2031966147137,153.86380339411568,157.87866691450904,7322100
2022-01-31,163.03799438476562,163.17423987646072,159.72254419840706,161.3938869106698,6980800
2022-02-01,164.6730194091797,165.0181931846798,160.44016382307262,163.1288435538053,6233700
2022-02-02,170.62266540527344,170.99508831316783,164.85471191108047,164.90921012000643,8993800
2022-02-03,159.49549865722656,169.45091623552045,158.85058468984914,168.2609924459807,11691400
2022-02-04,155.7077178955078,156.93398304408313,152.15610341823952,156.6705565525283,11408600
2022-02-07,154.3724365234375,156.6887071401527,153.42776867741668,156.6705364526792,6418900
2022-02-08,156.80682373046875,157.3154921888837,153.05537305939464,154.4451329047697,4622000
2022-02-09,160.51284790039062,160.9579258528252,157.19739692355887,158.29649497257827,7140600
2022-02-10,155.01734924316406,160.6218068809289,154.18167788257492,156.3798596080714,7583400
2022-02-11,149.33116149902344,155.65321700516427,148.64990617492174,154.35428297991933,7564200
2022-02-14,147.57806396484375,150.4665797461459,146.27913000255754,148.91332544417756,7468000
2022-02-15,150.93893432617188,151.48394415256527,149.04050606918844,149.7035907318324,6969700
2022-02-16,152.81919860839844,153.47320482542386,149.17674462132007,149.68541304341204,4594300
2022-02-17,149.55825805664062,152.04711602089222,149.1495076029223,150.84811376597344,6807700
2022-02-18,151.45669555664062,152.7011175702075,149.00416518979767,150.1032632613231,6359100
2022-02-22,151.41127014160156,155.45338232704256,149.88525099530827,150.8390112292197,7293800
2022-02-23,150.45753479003906,154.3815727921636,150.2122789498619,152.6193898297379,5893900
2022-02-24,154.04544067382812,154.35427307449342,146.41538707760492,148.7679853194201,7754800
2022-02-25,155.1626739501953,155.2989194311509,151.81997492898464,154.1725726346244,4830100
2022-02-28,154.4087677001953,154.90834376124715,151.68374688643215,153.17342437688242,5656600
2022-03-01,151.95626831054688,154.42695545195429,149.30391585054267,153.83653970147085,6049600
2022-03-02,154.50869750976562,155.7894468565253,152.45583946910472,153.04626900671218,5304100
2022-03-03,155.3262176513672,156.91581344604492,153.79112006630749,155.98022388713434,5154200
2022-03-04,154.39968872070312,156.01653343393158,152.72834580413473,153.94551854597213,6804700
2022-03-07,149.77627563476562,155.2989879489067,149.65818692572282,155.1990699320652,7064800
2022-03-08,152.0016632080078,156.87036779387552,147.50538147337622,149.72173403368382,7486500
2022-03-09,156.6523895263672,158.04214921219935,153.90919767177238,156.77955662637225,6047300
2022-03-10,156.91578674316406,157.5243730806259,153.13708777069323,153.9455100828647,6079100
2022-03-11,154.74485778808594,159.3501360126739,154.36335651612157,157.9603764290275,4869700
2022-03-14,151.43850708007812,155.91661843606173,150.86624821366902,154.38153485852976,4863200
2022-03-15,156.5252227783203,156.81588449605366,152.5012676402283,153.12802472743925,5138600
2022-03-16,160.16763305664062,160.294800133352,155.7167576513992,157.8331920325162,5660400
2022-03-17,162.11151123046875,162.1205896447462,159.17757563861662,159.72257155892697,4930700
2022-03-18,163.5920867919922,163.81917185757786,159.63172269377105,161.86623197743754,9031500
2022-03-21,163.9191131591797,164.6003684528488,161.43933391089854,162.8563427041024,5030600
2022-03-22,165.63589477539062,165.9901470139653,163.50128906848173,164.30063313918396,3802900
2022-03-23,162.66558837890625,166.22628081846344,162.62016859025448,165.3179404861221,4821100
2022-03-24,167.3253936767578,167.43439009112674,163.16519291952173,163.81010685143755,4169400
2022-03-25,167.95213317871094,169.13297846204716,166.40795728212103,167.74321876909877,3738800
2022-03-28,168.66064453125,168.76056253304097,165.3270368135696,166.37163662505245,3117000
2022-03-29,173.5020751953125,173.8018291566383,170.12304818058743,170.7407267900332,5835700
2022-03-30,170.26840209960938,173.4021736503655,169.59623908639185,172.58467284935932,3865700
2022-03-31,166.66229248046875,171.33116157559945,166.38978758881103,170.88608365072722,7170700
2022-04-01,165.390625,167.93398094285538,163.2741901624892,167.52521666654795,4631700
2022-04-04,165.96286010742188,166.54419733729455,164.01901244564388,164.9091820469736,4644800
2022-04-05,160.9397430419922,165.18170484429086,160.2039895464874,164.98186885042853,6956500
2022-04-06,161.00332641601562,163.14701018814782,158.79606602691922,158.95956063640472,6932900
2022-04-07,161.3212432861328,162.5293236916408,159.23205781811427,160.09497833355127,4178500
2022-04-08,158.15115356445312,161.04876176738955,157.89681935167266,160.9488437652133,4504500
2022-04-11,156.18003845214844,158.45088927561187,156.03470067300515,156.9339625887591,4347800
2022-04-12,157.1428985595703,160.20400145463645,156.58881032816134,159.34108079527505,4550800
2022-04-13,159.0594940185547,159.40466781887483,156.60697761776578,157.42447846463705,5229100
2022-04-14,157.74241638183594,159.9678478605534,157.62432768021307,158.87784201997508,4578500
2022-04-18,160.37657165527344,161.30308270280972,157.14288219308972,157.14288219308972,3564000
2022-04-19,162.64743041992188,162.9017646240673,159.16848501157742,159.33199349148498,4671900
2022-04-20,162.97442626953125,166.82579439839168,162.66559387254676,164.95461546820172,4553700
2022-04-21,160.9851837158203,166.44431901784006,160.56735484549014,164.73663443429197,4735000
2022-04-22,157.42449951171875,161.34853736575064,157.07932566525014,161.05786173500297,6355900
2022-04-25,157.96949768066406,159.11400170650484,155.9348099967712,157.19740272137267,8737600
2022-04-26,153.0008544921875,156.6796357711801,152.93726401325773,155.7167833342202,9591700
2022-04-27,153.86378479003906,156.16188496773222,145.78863892664026,145.83405872014774,12570400
2022-04-28,159.73167419433594,160.6672637520546,154.408798585675,154.4723752100899,8233600
2022-04-29,154.64495849609375,159.89516508247752,154.3542829050673,158.08756263374121,6698600
2022-05-02,158.05123901367188,158.16023543290794,152.67386518861167,154.91746721905656,5851500
2022-05-03,156.7250518798828,158.76881784981043,156.23455414557722,157.94223859126163,5438600
2022-05-04,160.07681274414062,160.6581500019109,151.99258933762044,157.3063719609488,10311500
2022-05-05,154.67222595214844,158.9414237156224,153.1916264375557,158.41458453950855,7740400
2022-05-06,153.1358184814453,155.54100186561806,151.57200274037604,153.49247943593633,5724800
2022-05-09,150.84034729003906,154.05944913956796,150.07215681196027,151.9103298747375,7929700
2022-05-10,153.85829162597656,156.2360266268772,152.084127029928,153.98632340329877,7033300
2022-05-11,150.6117401123047,155.77875328710968,150.20021043585032,152.4773478242919,5892800
2022-05-12,151.71832275390625,152.22130975566765,148.7644375681703,149.88014911592535,5936100
2022-05-13,155.2300567626953,156.08969066744234,153.2546975060328,154.01374797839154,5329900
2022-05-16,154.09605407714844,155.5958608108799,152.56881296052805,153.7028186194632,3648900
2022-05-17,160.02210998535156,160.14100160818853,156.67498985092664,157.38831167911684,5851300
2022-05-18,155.7421875,159.95810979340288,155.17517769085782,158.57718072804448,5747200
2022-05-19,153.291259765625,156.14456089286162,152.87058996676805,155.3397818628186,5399600
2022-05-20,155.29408264160156,155.7422008598708,150.17279736077995,154.18752522023598,6278300
2022-05-23,155.40382385253906,156.28176606809438,153.8491481761943,155.71477015134252,5384100
2022-05-24,153.51075744628906,154.99226987685321,152.14812268504122,153.9039928872251,5121700
2022-05-25,155.47694396972656,156.3640260843946,152.73339449040213,153.72107397748863,4712100
2022-05-26,159.2447967529297,159.88495564929863,154.81852533857017,155.76049037359124,4536600
2022-05-27,162.75653076171875,163.1040515572172,160.51596774021158,160.51596774021158,5857900
2022-05-31,161.64996337890625,163.04917278334844,158.95214196302703,161.6316830924814,9408000
2022-06-01,159.50997924804688,162.40899511465088,157.93700962357053,162.3358321141618,4681600
2022-06-02,161.61338806152344,161.68655107011648,157.65352918083343,159.125901587028,6521600
2022-06-03,157.5986328125,160.4976484925073,157.28770054624638,159.92149862224971,4485500
2022-06-06,153.41929626464844,159.36365402796238,153.0717894536419,158.80579835661322,5603800
2022-06-07,155.33067321777344,155.54100815985217,151.11475050592,151.9195157447326,4416100
2022-06-08,151.23361206054688,155.23919940304611,150.6849104500343,155.23919940304611,5112600
2022-06-09,147.76760864257812,152.47736402061716,147.65787110504473,150.90439419535772,5353200
2022-06-10,144.29246520996094,146.71592924262293,144.20100794462974,145.55450290854992,6511000
2022-06-13,140.40576171875,143.51511322445302,140.04910072865806,141.6586452562285,7765000
2022-06-14,140.90870666503906,142.6097079454531,139.9576016725416,141.88723208228865,4772600
2022-06-15,142.59141540527344,144.41130832001727,140.21368080455466,142.40851489051275,5442100
2022-06-16,138.4303741455078,139.51865113904543,137.36039139132149,138.56756000901845,6843700
2022-06-17,137.36041259765625,140.11311693673622,136.35445254868665,138.86021950444095,11262500
2022-06-21,140.3417510986328,141.3660054260882,138.75962702317997,138.84194413867942,6283100
2022-06-22,139.55523681640625,140.78068569443965,138.23833069786826,138.96994675865778,4242900
2022-06-23,138.22006225585938,140.11311864317597,136.4916261412921,139.76559780969717,4318200
2022-06-24,142.61886596679688,142.78348621685026,139.4546462346104,139.93018483606153,6425900
2022-06-27,142.3170623779297,144.14609549505272,141.86895819506032,143.56995955216135,5762300
2022-06-28,140.98187255859375,145.3989891026231,140.9087095611737,143.3413268963345,4687500
2022-06-29,139.71983337402344,140.18623177751942,138.0371263194811,139.4089011050261,4348300
2022-06-30,140.51544189453125,141.814067486594,137.99138160712369,139.45461345613316,6807900
2022-07-01,135.84230041503906,139.26259779432888,134.4522451197959,137.49758731424038,8740200
2022-07-05,136.3544464111328,136.8940079184732,132.11108945456598,133.2725156237053,8486400
2022-07-06,137.91824340820312,139.04309489608855,135.68682071688102,137.17748720997577,5238200
2022-07-07,141.46656799316406,142.11586693213343,140.06735878167774,140.06735878167774,5169400
2022-07-08,142.23477172851562,142.52742375107684,139.14370102369094,139.68327644598614,3467500
2022-07-11,140.4331817626953,141.76838228029777,139.57353383478355,140.9453088803234,4051100
2022-07-12,141.25624084472656,143.0852740533862,140.56119929460968,142.63715589367484,4085100
2022-07-13,141.1007537841797,141.94212129855987,138.70472486440104,138.96994248105128,3755400
2022-07-14,144.35646057128906,144.8045648045096,139.88447465560597,140.95445747482154,4758800
2022-07-15,146.81649780273438,146.97197791412887,144.16440508230994,145.5910488328509,7466100
2022-07-18,146.02085876464844,148.74611423054893,145.42642857710624,147.89562052027327,4088700
2022-07-19,150.56602478027344,151.517115982118,146.9170982242464,147.5664112032952,5390800
2022-07-20,151.19703674316406,152.8340153777497,148.645527520347,149.88013055776383,5889100
2022-07-21,152.30361938476562,152.5596969228844,149.68810081889902,151.79149221736552,5466700
2022-07-22,149.8892822265625,153.37360259104156,148.94733113765307,153.37360259104156,5269700
2022-07-25,149.24913024902344,149.8527146508187,147.48411962626778,149.79784587873152,4201400
2022-07-26,147.0908660888672,150.14534858861742,146.87139100660636,150.14534858861742,6080600
2022-07-27,156.87619018554688,157.28773386829786,151.41653826866653,152.52309567253155,11623100
2022-07-28,160.726318359375,160.79948137369894,155.09289184619658,157.22371754221948,6468800
2022-07-29,164.67543029785156,165.02524005695457,160.22921959528523,160.56981496304664,6624000
2022-08-01,164.5926055908203,164.8779708314516,162.70549519932732,163.80094038471577,4865700
2022-08-02,163.1381072998047,165.63276294665525,162.42928753478503,163.3958573877525,4442500
2022-08-03,168.89149475097656,169.4990545934201,163.72726418286092,163.86533958054022,6201100
2022-08-04,170.21705627441406,171.21124116875342,168.66134141326245,169.16764122699902,4533900
2022-08-05,169.6555633544922,169.9961587370502,167.1516928619144,167.5659331467634,3690100
2022-08-08,168.2747344970703,169.8028344469731,166.73743420276836,167.99856965549444,3547300
2022-08-09,163.5891876220703,165.88132348521364,162.1071174967649,165.6419881154954,5306400
2022-08-10,168.5692901611328,168.8730700644534,165.1356796933467,167.0319899568086,4276500
2022-08-11,167.59353637695312,170.91668685879944,167.22532593786732,168.85467187946634,3858300
2022-08-12,170.6497039794922,171.20201953319886,168.49562977642807,168.62450481025883,4160900
2022-08-15,170.66810607910156,170.89824107330008,168.42200033463715,170.18943540452284,2863400
2022-08-16,168.79022216796875,170.2999072705683,167.90649754985682,170.1158020719735,4541600
2022-08-17,162.6686553955078,166.57173662526898,160.98406524260832,166.25875634671795,6869000
2022-08-18,164.2796173095703,166.00102306248434,161.8309769015599,162.76071748670853,4390400
2022-08-19,162.42930603027344,163.37746125740156,161.20498594994737,162.89879049460828,4569500
2022-08-22,157.81736755371094,161.5271423410198,157.5135876918158,161.5271423410198,4919000
2022-08-23,158.81158447265625,160.07271993458644,156.74956955967826,156.80479971913107,3663900
2022-08-24,158.50782775878906,158.87603823994104,157.18224755251472,157.78980748811205,3037800
2022-08-25,163.22097778320312,163.4050830107437,159.48358688344803,159.8517973385292,4350000
2022-08-26,156.0223388671875,163.7916851269239,155.9670946650127,163.39585964579337,6583500
2022-08-29,154.59552001953125,156.96130097716693,154.42981548310163,156.43660037885147,4625800
2022-08-30,153.49087524414062,155.43321559306074,151.66819556756488,154.85327078266587,5343300
2022-08-31,152.0824432373047,154.27331922660116,150.98699821949253,153.61052919979593,6489900
2022-09-01,152.9569549560547,153.24232015562905,149.302409430614,150.37023937755438,5593800
2022-09-02,150.04803466796875,155.36875526439056,149.47730430700113,154.65073511790644,4466200
2022-09-06,150.14007568359375,152.61631641978178,148.9801863243442,150.14927602667538,5057000
2022-09-07,152.6439666748047,154.1444374917142,150.48989215782652,150.66479702486976,5332400
2022-09-08,155.02818298339844,155.14784366139168,150.84892248732677,152.110072149684,5473200
2022-09-09,157.1730194091797,158.25924996889864,155.90266959511845,155.96710009707667,5196200
2022-09-12,157.0257568359375,157.8910669145224,155.76462119384172,157.64251711514964,5216800
2022-09-13,149.725830078125,154.04316506096487,149.12748467788614,152.8832896812587,7928700
2022-09-14,152.12847900390625,153.11346382883136,150.10329323194694,151.18032365549354,4792600
2022-09-15,149.74424743652344,152.51506791533168,148.86973720302743,151.17108731555712,6105400
2022-09-16,152.12847900390625,152.74523929535619,148.722482835657,150.03886271754484,13417800
2022-09-19,153.03977966308594,153.38958936856878,150.52670931948447,150.5819394737552,4929500
2022-09-20,152.86489868164062,153.63814905483355,151.79706871123423,152.26655318850217,5220200
2022-09-21,150.32420349121094,156.72195447704354,150.22294351677354,153.29754412775966,6639800
2022-09-22,149.69822692871094,151.48407697443628,148.40947640412935,149.67061184935042,5696200
2022-09-23,148.47390747070312,148.98942172881954,145.7215015442589,148.40947696739312,6936100
2022-09-26,147.7098846435547,150.2321557672603,147.2864299769863,148.80531566759257,4605800
2022-09-27,147.9400177001953,150.4438740534981,146.64205268236546,149.33922865279692,4261500
2022-09-28,149.8639373779297,150.63718772325865,146.75250721454162,148.68564712419186,4881500
2022-09-29,145.85955810546875,148.57514825738048,143.72391264009013,148.04124742577991,6699000
2022-09-30,142.481201171875,146.18177645274855,142.3891415397145,144.72732135184472,6074700
2022-10-03,147.13914489746094,147.87557988024315,143.67791873861222,144.90223891264276,6668500
2022-10-04,152.02719116210938,152.57032049369448,149.67061076490506,150.09406538924358,7233100
2022-10-05,154.46664428710938,155.78300999608342,150.4807036408881,151.26316840874105,5262600
2022-10-06,153.3067626953125,155.70937324134707,152.59795683632473,154.44823762953308,4171000
2022-10-07,146.6236114501953,151.9443315763458,146.0068513299752,150.9869761477584,8306400
2022-10-10,144.3314666748047,146.92739632954613,141.90124153133408,146.87216617456463,6573600
2022-10-11,141.25686645507812,142.9966865703812,139.369756562125,142.32469627355152,9526900
2022-10-12,139.50784301757812,141.57905806521063,139.4341981303254,141.17401820848366,4526100
2022-10-13,142.07614135742188,144.3314615660712,134.37122599104435,135.88091104118308,7913800
2022-10-14,136.5529327392578,143.68711943775736,136.3227976844675,143.51221454870407,7470600
2022-10-17,138.9923553466797,140.38236584691228,137.64836061458098,139.9220957949552,5936100
2022-10-18,139.47103881835938,143.58585458216479,137.65757352440806,142.76657437674987,4866600
2022-10-19,140.5204315185547,140.86104088493192,137.9521309867701,138.66095075069828,5060100
2022-10-20,141.50543212890625,144.32228272351767,140.29952678708625,141.66192226790378,6506200
2022-10-21,147.02867126464844,147.31403645865657,141.7079504160616,143.06114553618147,7706200
2022-10-24,148.80531311035156,149.11830744388348,146.08052206854722,147.4797470622547,5467600
2022-10-25,149.27479553222656,151.7602511518891,148.3818704544239,148.76849563558667,8611200
2022-10-26,145.32565307617188,148.35423770406172,139.3053273346304,140.4468020523457,12964700
2022-10-27,144.30384826660156,147.23117282999206,143.07952835624044,147.10229778923437,7050500
2022-10-28,149.72268676757812,150.02888880399877,144.27603681137145,144.63790937108274,6776100
2022-10-31,149.04531860351562,149.89896621627105,147.77411380509383,148.83189608158645,6298800
2022-11-01,151.15162658691406,151.64340178999177,148.98039106860983,150.53923662725722,4972300
2022-11-02,147.05966186523438,154.37134442846343,146.86480089444547,151.4856379340012,6923900
2022-11-03,145.2317657470703,147.1710313378659,144.12758640199496,145.10186312755107,4555400
2022-11-04,150.91964721679688,150.96604403950965,146.99471953844082,149.95465843265407,6689900
2022-11-07,153.74037170410156,154.30637882096636,149.8989507635449,151.99595354229166,4928300
2022-11-08,155.98585510253906,157.59108300036885,153.80533216980345,155.36417740983413,5112300
2022-11-09,153.0908660888672,155.6332472276622,153.00734616138706,154.38989191465154,4800400
2022-11-10,162.09133911132812,162.55527905307065,156.70035925361196,159.68813361109957,9898200
2022-11-11,166.54513549804688,167.75136780346642,160.89433726130426,162.42534728931662,6911900
2022-11-14,164.64297485351562,168.05756532490523,164.46667544666184,166.0904649080534,5447300
2022-11-15,164.76364135742188,169.44942354619457,164.05844356901983,168.92053936321676,6601000
2022-11-16,160.95004272460938,163.69655911293842,160.56960859351537,163.69655911293842,7664800
2022-11-17,162.7130126953125,162.77795692313637,158.32414492509645,158.37052759140363,5339800
2022-11-18,162.54595947265625,164.0491342182228,161.48817717823863,163.6872617006147,5474800
2022-11-21,159.96646118164062,162.07275215141186,159.84584644334868,161.8407822168919,4702700
2022-11-22,164.43885803222656,164.5223638155912,159.92008797141654,162.23049959443705,4673500
2022-11-23,166.07192993164062,166.81423663589862,163.7707918909313,164.2347318113022,3939100
2022-11-25,164.29966735839844,166.3595472928638,164.26254424126813,166.3224383340543,1586400
2022-11-28,160.52320861816406,163.33468333586265,159.94792766129393,163.03776915623763,5358800
2022-11-29,160.50465393066406,161.78513266583138,158.95509626624138,161.11705803516347,3134000
2022-11-30,167.4451904296875,167.49157309178108,158.63960626775625,160.86651206447445,9780300
2022-12-01,164.69863891601562,167.50083944105714,163.5016803896107,167.05544701225165,5479900
2022-12-02,164.84713745117188,165.15333950048893,160.96859231814562,162.50887626622907,3822900
2022-12-05,164.5966033935547,165.75645318751071,162.69444689980227,163.99348716402662,4875300
2022-12-06,161.76657104492188,165.31107889845939,160.69022701164968,165.29251733696904,4417900
2022-12-07,161.21913146972656,162.4068166005499,159.82731162970015,160.0871168671725,3242800
2022-12-08,163.640869140625,163.78933329486998,160.3840163974314,161.22837618826756,3902700
2022-12-09,161.6923065185547,163.84499415322665,161.5624039308293,163.26971328734578,3966700
2022-12-12,164.68011474609375,164.7636346944064,160.4397111184137,161.55316412657612,5347000
2022-12-13,164.69863891601562,169.8854827943035,163.1861905462935,168.99472625333237,6951000
2022-12-14,163.13983154296875,166.84206284531248,161.58098613278034,164.01202665294812,5114600
2022-12-15,157.74884033203125,161.93358730809726,156.89519261161516,161.01498120542666,6007300
2022-12-16,157.322021484375,157.78596138013646,155.401303519928,156.81168476737298,10423600
2022-12-19,155.52194213867188,157.61894550151385,154.07445183880546,157.3962633989639,4507000
2022-12-20,154.11154174804688,155.6796607651202,153.76823077684898,154.6404399928534,3777600
2022-12-21,156.5611572265625,156.72818295559648,154.49198920336423,154.95592911088184,3632100
2022-12-22,152.82179260253906,154.5105405502653,149.84330652182572,154.0929974927651,7188700
2022-12-23,152.52490234375,152.91461020237068,150.57634889232295,151.27225881664353,2597000
2022-12-27,151.96817016601562,152.71975062599785,150.2887097982383,151.85682910774383,3535600
2022-12-28,149.56492614746094,153.24860956694368,149.23088890020767,151.81039324798328,2998600
2022-12-29,153.11874389648438,154.06517119328524,151.07741096369182,151.48566622359147,4081600
2022-12-30,153.30430603027344,153.46204390174196,150.51139285017356,151.8846510287343,3249000
2023-01-03,151.43927001953125,155.55904448293424,150.86397490967298,155.16006296062955,4294100
2023-01-04,156.96942138671875,157.45192283881016,153.37853115269698,153.37853115269698,6285300
2023-01-05,154.89097595214844,157.77668284057282,153.8795903176444,155.6889531863266,6876800
2023-01-06,162.52740478515625,163.45528444596442,155.34561111350578,157.38694353561976,6725900
2023-01-09,163.9377899169922,167.37095637064772,163.60376679392164,164.3738945387631,5733900
2023-01-10,165.5337677001953,166.66578230541447,163.14912373099747,163.89143047909056,4267700
2023-01-11,165.96986389160156,166.13688962658003,164.16977472103596,165.36674765369253,5013900
2023-01-12,165.28321838378906,168.10396649148547,164.2254360736128,166.75854373460737,4324900
2023-01-13,166.09976196289062,166.1925556084887,163.51098348724508,164.29968699986128,3736700
2023-01-17,162.75010681152344,166.85134787483088,162.6573273290508,165.90490654035057,5659400
2023-01-18,161.2283935546875,164.53165762999885,161.07065568318214,163.65016046817104,5874300
2023-01-19,158.60250854492188,161.20057516266618,157.38698811033797,160.87582568440067,5995700
2023-01-20,160.52320861816406,161.07065431314192,157.50759920770722,160.0035981850785,7569900
2023-01-23,165.3203582763672,166.10906184607288,160.11495152795084,161.12633720989453,7847600
2023-01-24,164.27182006835938,165.64509225354496,162.6944273695975,164.00274117812438,5351600
2023-01-25,162.41604614257812,165.35743706407953,159.13135844286424,163.89138553219647,6720700
2023-01-26,161.5438690185547,162.62948661953095,159.40045491792225,162.62948661953095,6287900
2023-01-27,162.60166931152344,164.52237323043312,159.4747046028153,160.08710869917837,6074900
2023-01-30,161.7886505126953,163.704348249875,160.92891933941564,161.05039363767864,5048900
2023-01-31,165.60137939453125,165.68548027557918,161.64846687463606,161.82602268521737,5852400
2023-02-01,170.1710205078125,171.65685955423584,165.18082175727554,165.4051049990674,7835800
2023-02-02,172.61941528320312,173.30159065573613,164.23701838208265,171.82509114068262,11667100
2023-02-03,170.34860229492188,173.10536610384872,169.6944605091103,169.78791544674974,5732200
2023-02-06,169.14309692382812,170.61959638708728,167.68529129811455,168.68519058889188,4385700
2023-02-07,171.4700164794922,172.19891941445343,167.61989807568247,169.20854657112244,4799900
2023-02-08,164.9379119873047,170.62896739796764,164.90987835546676,169.88137061076986,5657600
2023-02-09,163.52682495117188,168.67587277628596,163.13433986689878,167.4797236834855,5572000
2023-02-10,164.27438354492188,164.601461530518,161.76995120216463,162.4708203776822,5466400
2023-02-13,165.13414001464844,166.15273319578128,164.18095387948608,164.95658419681007,3443200
2023-02-14,164.7883758544922,166.01255853872212,162.01293246326216,163.68568173744345,4179200
2023-02-15,166.80690002441406,167.0031497102656,163.32124722657036,163.37731449132139,3879700
2023-02-16,164.54544067382812,166.63870900158588,163.92867220325343,165.32107115787375,4212400
2023-02-17,163.83522033691406,165.48926167808614,163.050235855519,163.70437770732912,4060800
2023-02-21,159.5738983154297,163.45204987466505,159.41503633722786,162.18113978982973,7030300
2023-02-22,158.67681884765625,160.6766320949024,157.70493872682798,159.8169007629223,4577400
2023-02-23,160.56446838378906,161.68585625390537,157.4526074192425,161.43353934888256,4856600
2023-02-24,158.0600128173828,158.98516524438682,156.80779667036538,158.25626245676654,4118300
2023-02-27,159.5552215576172,160.75137056929313,159.218803756882,160.16263585320132,3310100
2023-02-28,160.2187042236328,161.26534531053912,158.26561871153413,158.8169657540311,3674500
2023-03-01,160.89154052734375,161.13450339647517,158.68613808857307,159.83555964604804,4649800
2023-03-02,162.67642211914062,163.46139223290388,158.96648652861035,159.91967267202054,4551100
2023-03-03,164.17161560058594,164.42393253749964,161.19993665621968,163.53616762225184,4379200
2023-03-06,161.71389770507812,164.93789333484995,161.48027462670015,163.8071513614433,4090100
2023-03-07,160.78875732421875,162.60167483081952,159.93836583248793,161.45225319097696,3844100
2023-03-08,164.67623901367188,164.80706736909016,161.71390004802663,162.2372134696998,3805400
2023-03-09,162.07833862304688,166.2555201342113,161.64846591265973,164.80705429038483,4651200
2023-03-10,160.39625549316406,163.7884670562931,159.77948716182775,163.53615014634266,5929700
2023-03-13,162.49887084960938,164.3117882530283,158.77959536521445,159.03189802791772,5453400
2023-03-14,164.21832275390625,164.65753526191668,161.50830087229417,164.4239121942184,5034600
2023-03-15,162.9661102294922,163.6576396588831,160.62053970992073,162.81658804056107,4918300
2023-03-16,165.52662658691406,166.04058594740937,161.4802731941965,162.09704153785603,5028500
2023-03-17,164.19964599609375,167.35822022936944,163.17169877687283,166.2274925474471,12963300
2023-03-20,167.4236297607422,168.08711125258495,164.02207864617992,164.3584964161573,4964600
2023-03-21,166.72279357910156,168.82540149263218,164.70428655989878,167.44234246509185,4217500
2023-03-22,164.76966857910156,169.59163740719785,164.71358707036794,165.7508739640437,4738000
2023-03-23,168.47027587890625,169.97480909849645,165.73222020021535,166.47046286583802,5083300
2023-03-24,167.75070190429688,168.66651459362433,166.021899763937,168.0497462744986,5345400
2023-03-27,165.45187377929688,168.03106753758829,164.85379924436458,167.86286575864875,4453200
2023-03-28,165.863037109375,165.9564777802646,162.8352770399893,164.816396077181,4061500
2023-03-29,169.18048095703125,169.9561112828185,167.23674950690963,167.67594777264313,5227100
2023-03-30,172.17086791992188,172.40449099686853,169.94677166443907,170.07760001716034,5535800
2023-03-31,173.8249053955078,174.09591614425057,171.12422325296708,171.9652748678831,4793100
2023-04-03,172.0961151123047,173.983779398304,170.75044384280937,173.1894694539642,4143000
2023-04-04,168.58241271972656,172.5726990109116,168.01237182098583,172.18955372864522,4724800
2023-04-05,165.592041015625,167.95630551249843,163.64829522300408,167.7320364751486,5904900
2023-04-06,166.45175170898438,167.48903865630044,163.13431569459195,164.44259911498165,3743000
2023-04-10,167.66661071777344,167.95630105614507,164.66689834903752,165.35841354148045,3488500
2023-04-11,168.08712768554688,169.49822020331598,167.7413700928744,168.90014569368796,3296900
2023-04-12,165.9191131591797,169.33000440069978,165.61072898453375,169.33000440069978,3559400
2023-04-13,167.37692260742188,168.09648569758932,163.95667724084151,165.04069177110546,3264200
2023-04-14,167.25543212890625,168.7132378726265,165.63876440123914,167.19002508103225,2741900
2023-04-17,168.25534057617188,168.72258672369847,166.1340390738193,166.6012852213459,2845800
2023-04-18,168.50765991210938,169.8252832300783,167.46101883032551,169.15244762722475,2774700
2023-04-19,165.4799041748047,167.70400049212418,165.36776965770332,167.39561631087406,3093900
2023-04-20,165.0500030517578,166.62929710578894,162.16242565906012,162.99412312275936,4710800
2023-04-21,165.423828125,165.9284476843601,163.4053213691184,164.09685079267618,6792000
2023-04-24,164.37718200683594,165.80695401673563,163.8538686253328,165.53595753675015,3360100
2023-04-25,158.29367065429688,164.50803955149348,158.24694318139305,164.0875208138044,7136000
2023-04-26,153.68661499023438,159.77015493013803,152.93901827378508,159.77015493013803,8647500
2023-04-27,154.4435577392578,154.7612817223442,150.54672627360137,152.0699391380316,6697900
2023-04-28,156.24713134765625,156.54617576949855,154.05108269404627,154.05108269404627,6575400
2023-05-01,155.76116943359375,157.27505665308442,155.2378560280299,157.19095576845186,4831200
2023-05-02,153.20066833496094,156.5181188169739,152.12599364571184,155.4434441277248,7312400
2023-05-03,152.64932250976562,155.11638160494957,152.5745614148545,154.11646800213663,4398800
2023-05-04,151.66807556152344,153.13522079093323,150.78965067778665,152.68666856108277,4309000
2023-05-05,156.15054321289062,156.3294516706086,151.8093656244066,152.04478737135474,5494700
2023-05-08,154.6438446044922,156.8850643251092,153.86224264840303,156.15054959413456,3831300
2023-05-09,153.49496459960938,153.95639635314822,152.56268939637846,152.76986166376312,5736800
2023-05-10,153.54205322265625,155.37833981944937,151.64925334142174,155.19941700788968,4428800
2023-05-11,151.7716827392578,152.94879141692377,150.61341182375517,152.80754412320482,3320400
2023-05-12,152.44029235839844,153.4573160173288,151.0183358276796,152.656876339679,2400800
2023-05-15,155.62319946289062,155.83037176707552,151.26319811519176,151.9788751130095,3789100
2023-05-16,153.8528289794922,156.3671315831489,153.3631477087827,155.3783573444291,4272900
2023-05-17,155.69850158691406,156.00925997420197,153.56088276584438,154.9074880750909,4910300
2023-05-18,159.90786743164062,160.24687532695341,156.3953789392355,156.62138899244513,4916300
2023-05-19,160.19036865234375,161.0190577716654,159.0885966381562,160.64237436788164,4790500
2023-05-22,160.89663696289062,161.13205870640596,159.19218583887996,159.87020160972438,3334000
2023-05-23,159.84194946289062,160.78363642112114,159.35226822129,159.88902231560002,5601200
2023-05-24,157.32763671875,158.68365377995002,156.49894765162634,157.20521282410627,7502500
2023-05-25,159.7289276123047,160.56702837976394,154.05998281173837,155.3783387260557,7747200
2023-05-26,166.0099639892578,166.72565517212664,160.71768863299405,161.32979369039506,8323200
2023-05-30,166.25482177734375,167.79918768800886,164.823453694361,167.46017983596033,5677200
2023-05-31,163.74050903320312,165.5485460052391,163.06249337256455,164.58802142450105,8534000
2023-06-01,165.55796813964844,166.1606471683282,162.8176558691975,165.61446705343067,3955400
2023-06-02,165.0117950439453,166.3301653539511,163.94769859477879,166.20774145621428,4788000
2023-06-05,160.3316192626953,164.9741435234127,159.87020184089985,164.9741435234127,5520400
2023-06-06,160.42578125,161.53696489758906,159.05091205028626,159.5217555014345,4032400
2023-06-07,161.9701690673828,163.65578252775728,160.5105512979167,161.1885671086493,4422700
2023-06-08,162.18675231933594,163.7028690045976,161.423988128,162.97778034090996,3343700
2023-06-09,160.64239501953125,163.68405462397487,159.59712178928376,163.31678286969452,4179000
2023-06-12,163.8911895751953,164.11719961482208,161.38631322209375,161.52756051623393,4709300
2023-06-13,167.06466674804688,167.91217916159601,164.15485784332705,166.26422718158304,5408100
2023-06-14,166.79159545898438,167.8745441214072,164.59746304289638,165.56741386433717,4748400
2023-06-15,167.7050323486328,168.93864000463932,165.6333238475453,165.96292004115148,4224100
2023-06-16,166.4525909423828,169.3435769641579,165.98174743673894,168.98573130178744,10374500
2023-06-20,164.19252014160156,166.7068223129596,163.316743897083,164.73870024021505,3516000
2023-06-21,160.53878784179688,163.47686090823228,160.44462776782942,162.44099951157196,4034300
2023-06-22,162.56344604492188,162.59169550794513,159.90788156869934,160.08680441384968,3607800
2023-06-23,157.9020538330078,160.3504455413572,157.4500481404978,160.00202598348514,8541600
2023-06-26,158.90966796875,161.00962577992016,158.22224053952428,158.6648345420537,4899600
2023-06-27,166.02882385253906,166.27367165569638,159.60652632553337,159.92669643996712,6257800
2023-06-28,164.75758361816406,166.09477759438664,164.11722890942076,164.4656485431604,3425300
2023-06-29,166.4808349609375,166.7162567060635,164.23962971826006,165.67098358294396,3704700
2023-06-30,169.52249145507812,170.01215833117433,167.93103818525847,168.448968889786,6004400
2023-07-03,169.2776336669922,170.63366511561728,167.2624242555638,169.66372874842054,2007600
2023-07-05,166.2360076904297,168.4301401607424,166.1606710049121,168.3736412388551,3729100
2023-07-06,164.625732421875,165.24723493723098,162.98719182738245,163.57103318414252,4555100
2023-07-07,163.57102966308594,166.74452463636462,163.458031820727,163.95712478315005,4585400
2023-07-10,168.976318359375,169.24940126827465,164.38088118007215,164.39971894348008,5563200
2023-07-11,168.39248657226562,169.47542094112976,166.5373619188865,169.34358532779845,2755800
2023-07-12,171.73545837402344,172.2345513484008,169.51307641737938,170.45476344360137,5708600
2023-07-13,172.4416961669922,173.27979691202745,171.1515897447136,172.79954177801895,4441200
2023-07-14,170.30409240722656,172.35696308222572,169.81441116486792,171.0197693237487,3701300
2023-07-17,172.70538330078125,173.51523466388164,168.2982952101903,168.8350493073251,3918500
2023-07-18,172.9690399169922,173.45872111988217,170.44532596556206,171.8013573772565,3040500
2023-07-19,172.9596405029297,173.91073915025257,172.35696142926918,172.88430382259682,3686000
2023-07-20,169.42831420898438,171.54710984509958,168.82563513613837,170.11574165871437,7154600
2023-07-21,173.5717315673828,174.74884016025297,170.78433209710568,171.3870111218951,17251600
2023-07-24,173.1668243408203,174.91836276072146,172.61123245140632,173.81659067918739,4318500
2023-07-25,175.22911071777344,177.15014578807526,174.02375256209336,174.21208707973037,6267800
2023-07-26,165.73690795898438,167.33777294615126,164.05129459244463,166.57500879378958,11905100
2023-07-27,167.3566131591797,170.57718094352543,165.96292043607755,167.91220503520648,8300400
2023-07-28,169.14889526367188,170.24893082637234,167.783335871349,169.27217935241208,7540400
2023-07-31,170.6946258544922,171.07394145729486,169.11096078434883,169.2816484646212,4065200
2023-08-01,169.14889526367188,170.19203493001945,168.50405581172134,169.74633111530397,4028700
2023-08-02,163.5254669189453,167.54626472103033,162.8332093771651,167.13850113901142,6914500
2023-08-03,162.9185333251953,163.35474480291498,160.87019442905518,161.63831789761718,4515200
2023-08-04,159.73226928710938,162.04613251070725,158.47102369490347,160.83230499504367,6052800
2023-08-07,160.22537231445312,161.04091393678266,158.30979511410447,160.61416576826645,4315700
2023-08-08,158.11065673828125,158.7649885439393,155.92955554274266,158.6511967412039,4628000
2023-08-09,158.62274169921875,160.24433269556326,157.7692598069643,158.1011718433906,4701400
2023-08-10,158.8977508544922,161.72369156564773,158.3003149487579,159.93139831840963,4975300
2023-08-11,157.60801696777344,157.76922680404056,156.12866602794702,157.21920911385567,5454800
2023-08-14,161.66676330566406,161.79004738089256,157.13387410681057,157.60802581773635,5933600
2023-08-15,159.4667205810547,161.3633275875754,158.95462858611472,160.9934898001024,3920900
2023-08-16,157.15286254882812,159.85553340418627,156.75457680161094,158.92618552404926,4558400
2023-08-17,157.19078063964844,158.5184142021062,156.67870312396124,157.15285486698983,3987800
2023-08-18,157.883056640625,158.2149541872554,155.68298555112446,156.06231563722622,4456000
2023-08-21,159.267578125,159.86501399112504,157.50373294545525,158.1106466378812,3941800
2023-08-22,158.47100830078125,160.86073732071173,157.5606305174864,160.86073732071173,3035600
2023-08-23,161.05038452148438,161.68574612764317,155.45538521104265,155.45538521104265,4152900
2023-08-24,157.02957153320312,162.61507851395112,156.84939155479788,162.61507851395112,6003200
2023-08-25,159.13479614257812,159.75120205354972,156.1855718988987,157.8830431403851,3947500
2023-08-28,159.9788055419922,161.13573702734212,158.9167101993616,160.471927438198,3995100
2023-08-29,161.86593627929688,162.40646178180378,159.0684436832545,159.39086341948416,3981700
2023-08-30,160.4813995361328,161.4676432933407,156.7735437955634,157.9115051177574,5120400
2023-08-31,159.3719024658203,161.49610776253277,159.31500656438453,160.0926224705795,6026500
2023-09-01,161.05038452148438,161.2305645009849,159.817587082237,161.19262425795162,2611200
2023-09-05,160.96507263183594,162.0650939087886,159.52364697966564,160.3391887272134,2882200
2023-09-06,159.36241149902344,161.2400484414114,158.2718537548865,160.92710653935282,4244000
2023-09-07,156.19508361816406,157.77874880551198,155.49333378408474,157.2002830629508,6272100
2023-09-08,156.1476593017578,156.85888693367647,155.3510878268001,156.57439298691637,3301100
2023-09-11,157.26666259765625,158.0727264305038,155.61662362542222,157.91151655792714,3191900
2023-09-12,155.0381622314453,157.50374293265733,154.98125186013976,156.1571535443873,3739900
2023-09-13,155.86317443847656,156.98216569899273,155.07608074355366,155.4364407284486,3331900
2023-09-14,157.46578979492188,158.0252853541788,155.18037502173203,157.81665743886907,4071600
2023-09-15,154.21311950683594,157.8925419311761,154.03293951616467,157.617540266969,9427900
2023-09-18,154.4122772216797,155.13298274987997,153.39758542214312,153.62518349576857,3180100
2023-09-19,154.70623779296875,155.0571054697862,153.06567673248819,154.061398336119,3244400
2023-09-20,153.72000122070312,156.07178981978063,152.67686159572852,155.50280193889216,5035700
2023-09-21,152.10789489746094,154.47865394804458,152.0604912924212,152.09841707044598,4492700
2023-09-22,152.02252197265625,153.67257516550464,151.9277003107449,153.4544694261502,3715300
2023-09-25,152.58201599121094,152.6009861113869,150.9983510006253,151.68113062733985,3107600
2023-09-26,149.79403686523438,151.46304592343955,149.23452676706094,151.35873195292896,4164000
2023-09-27,149.9647216796875,151.2638929029359,147.83103870838616,151.0173391909947,4232000
2023-09-28,150.8656005859375,153.03722370762515,149.89834143274828,149.9647151534747,4271400
2023-09-29,150.7897186279297,152.828579622653,150.12590914102785,152.5251155886627,3664600
2023-10-02,151.68113708496094,152.33546879424986,149.67073835957916,151.26388124309773,2922300
2023-10-03,149.12071228027344,152.10786225497782,148.2577526982613,149.93625379745689,3510700
2023-10-04,149.80349731445312,150.2871268652844,148.40001225854022,149.5095255598324,4129900
2023-10-05,147.0913543701172,150.9319863844427,146.778412483176,150.2681768378839,4389200
2023-10-06,148.8836669921875,149.92680675273013,145.62150025372483,146.29480218461413,5016200
2023-10-09,148.61813354492188,148.73192534055744,146.70255632192826,147.77414396404254,2747000
2023-10-10,149.509521484375,150.9888725124392,148.20085812725887,148.61811394952556,3657400
2023-10-11,149.1965789794922,150.08798651052865,147.68878001271955,148.23879773335827,4452400
2023-10-12,146.98704528808594,150.0880018434953,146.2568475276457,149.86988161598453,5643300
2023-10-13,144.85336303710938,147.442227601502,144.33179320583088,147.29051003510014,4319100
2023-10-16,146.32325744628906,146.7310210739881,145.1758036523605,145.4318496918259,4872200
2023-10-17,146.28529357910156,146.90169953978028,144.03781890099603,144.9197486856719,5098900
2023-10-18,143.971435546875,146.06717805105262,143.6205534336709,145.0145606513647,4837500
2023-10-19,143.1369171142578,145.52664572722003,142.69121335989686,144.93868778127666,6041100
2023-10-20,140.1687469482422,143.96196118986146,139.97908913015402,143.59212338010215,5391500
2023-10-23,138.7557830810547,140.99376557917114,138.46179682430306,139.6661463904641,5398200
2023-10-24,139.3247528076172,139.97908455811879,138.40489722647197,139.24888678886708,7024400
2023-10-25,134.45993041992188,137.11518278850878,132.88575780001136,134.10906279830948,12349200
2023-10-26,136.565185546875,139.0497506241481,134.66857849519718,134.82031053212262,7888800
2023-10-27,135.72119140625,137.58935044668786,134.99100813437593,137.39021481616328,5327500
2023-10-30,134.4579620361328,135.32883205643634,133.48182185290685,134.81204594659795,6640800
2023-10-31,135.90301513671875,136.88871998221006,134.00816688843278,134.74505799711145,6570300
2023-11-01,137.01315307617188,137.1471319687457,134.76422062206808,136.50594622552782,7503200
2023-11-02,140.97511291503906,141.45361103211005,138.28595583351668,138.70703651295574,6297900
2023-11-03,143.76953125,145.07104663181875,142.6689914900324,142.87953181669445,5818700
2023-11-06,141.1569366455078,143.74082341273552,140.30521062883565,143.14749045356697,6601400
2023-11-07,140.2860565185547,140.908112752761,139.25249896553962,140.48703212716947,5193000
2023-11-08,138.97499084472656,140.51575532759944,138.25724368691505,140.14252738964157,6901400
2023-11-09,137.1088409423828,140.19993438305534,137.01313548742857,139.6544395745002,7061200
2023-11-10,140.86026000976562,141.23348790920397,136.92700540679164,138.75487148466217,7214700
2023-11-13,139.5970001220703,140.11378613314008,138.94624985936014,139.94151926191685,4345400
2023-11-14,143.48243713378906,144.6021355683352,142.50631149728744,143.75997421674614,7051600
2023-11-15,145.33901977539062,147.0329072727809,143.69298501232518,144.51600239385792,5957000
2023-11-16,145.35813903808594,146.41084060356152,144.32458148360132,145.4251357752534,5599400
2023-11-17,147.97076416015625,148.81292558226562,145.3677330396407,145.75054032360168,7524200
2023-11-20,148.85116577148438,149.55934813672428,147.32954548934882,147.39654222505865,5836900
2023-11-21,146.8319091796875,148.00902493316468,145.91320107257593,148.00902493316468,3877600
2023-11-22,147.31040954589844,149.44452146247448,146.68836789287812,147.855904357632,3159800
2023-11-24,146.9850311279297,147.7889043671775,146.57352980400591,147.68364881207307,1604800
2023-11-27,146.03761291503906,146.75536000092046,144.88920589554738,146.00890419981195,4130700
2023-11-28,146.32470703125,146.44912120488985,144.90835680309846,145.56868648995228,3883800
2023-11-29,146.61183166503906,149.14788064626077,146.37258258771274,148.14303160096935,3647100
2023-11-30,146.1428985595703,148.05689099142708,144.76482167221687,148.02816767055413,6641400
2023-12-01,148.53538513183594,148.63107598931072,145.37729478310789,146.52568729102634,4095500
2023-12-04,150.65036010742188,150.76519499387658,147.3965784352947,147.9324940422234,6572000
2023-12-05,150.48764038085938,150.95657373818796,148.18127621920553,149.73161986863778,4935600
2023-12-06,149.33924865722656,152.74615253563033,149.2435432034099,152.28679848303483,4952200
2023-12-07,150.89913940429688,151.86571481970884,148.02815107831617,150.0952661776467,6495400
2023-12-08,150.277099609375,151.51163278207554,149.5689172233839,150.52591334372767,4732100
2023-12-11,153.09066772460938,154.29647755713373,151.19581952989924,151.75087902180456,7585500
2023-12-12,151.12881469726562,153.02366279046598,150.6694606812839,153.02366279046598,4714400
2023-12-13,154.85154724121094,155.30133660731474,151.16712076469165,151.22453819821936,5940900
2023-12-14,161.52182006835938,161.94290073955545,156.1435060105993,156.63156882352018,11428500
2023-12-15,161.38783264160156,163.73247032475146,160.52654193435552,162.8903236295294,16337400
2023-12-18,160.22030639648438,161.70365346722988,158.72739462041665,161.20601134100613,5015200
2023-12-19,161.25384521484375,161.63663781941688,159.8949124852267,161.02416089053875,4379400
2023-12-20,158.07659912109375,161.33995912713738,157.97134357502853,160.82318768988685,5098700
2023-12-21,159.6365509033203,160.36387743897714,158.5455757024398,159.60784218245016,4040100
2023-12-22,161.00503540039062,161.65578576452214,159.64610263770226,160.06716867193916,3492400
2023-12-26,163.46449279785156,164.15353112135892,161.20598153804428,161.6749148590037,3202200
2023-12-27,163.866455078125,164.2396830116584,163.00516434000272,163.85689037307142,3264900
2023-12-28,164.3353729248047,164.89999712421235,163.36881211212705,164.60333066698465,3023000
2023-12-29,163.1295623779297,164.31622820169704,162.612776304107,164.16310532037167,2920600
2024-01-02,161.98117065429688,162.6223563524189,160.21073645570402,161.58881331245715,5652500
2024-01-03,159.56954956054688,161.25385759360833,159.06234274938058,160.76579479492082,5874900
2024-01-04,157.3971710205078,158.58385160192282,155.4161818163638,155.511887280347,6445700
2024-01-05,158.0000762939453,159.08147205534297,157.0909182343326,157.80866537448813,3087200
2024-01-08,161.29214477539062,161.4165589632119,157.521591741174,158.10536004945243,5717500
2024-01-09,161.3782501220703,163.1869720897012,158.861345813755,158.861345813755,5018500
2024-01-10,160.05763244628906,161.27302184567185,158.00966093212682,161.2538778307905,4045200
2024-01-11,158.47857666015625,160.66052682931263,157.93308181656556,159.97148839667344,5635600
2024-01-12,157.77993774414062,160.01931965097128,156.84208568215243,159.4929688907632,4205000
2024-01-16,156.83253479003906,158.3637198787798,155.60758087800548,157.3301622775135,6682800
2024-01-17,155.43531799316406,155.9138160837486,153.39691145444107,155.56929687442363,4079000
2024-01-18,159.73223876953125,160.18202815039606,156.16263244031882,157.58856203099694,6583700
2024-01-19,166.18238830566406,167.62746194825817,162.91904228276587,163.5506486920537,13345800
2024-01-22,167.3116455078125,169.05337097877864,166.15367369375136,166.51733691847525,6850700
2024-01-23,166.84271240234375,168.97682442173897,166.76615095476606,167.32121049775205,9459400
2024-01-24,162.75634765625,165.46463400059116,161.29213006362693,163.92386956371072,15100400
2024-01-25,160.22030639648438,164.1535614692491,159.65568212779786,163.70377207484364,7088200
2024-01-26,157.0334930419922,159.05275548064782,156.25832850533428,159.05275548064782,8800900
2024-01-29,158.89964294433594,159.16761531527297,156.40188227317842,157.02393856599883,6076600
2024-01-30,156.3050079345703,157.9736718705617,155.81307903014897,157.1248649122148,4897600
2024-01-31,154.44342041015625,157.38529474152966,153.67179378762208,154.72314757098414,8665200
2024-02-01,154.02867126464844,154.20228283872382,151.10609202503792,153.57533253078356,6542100
2024-02-02,153.5560302734375,154.13476492897675,152.17673377329717,152.76510860988975,4922400
2024-02-05,153.26666259765625,154.31803104342643,152.00310714435938,154.31803104342643,4190100
2024-02-06,152.75546264648438,154.03831325763136,151.75233919841645,153.52710399306292,4139800
2024-02-07,153.1412811279297,154.60738340537648,152.62041699639354,154.26014555696358,4627900
2024-02-08,154.53024291992188,155.35009989645826,153.15093161447246,153.66214088155826,3487700
2024-02-09,156.64259338378906,156.71975899193464,154.9353539762611,155.5623043054209,3919500
2024-02-12,155.369384765625,157.06698385061122,155.34044950469817,156.64258039990625,3853000
2024-02-13,151.28936767578125,153.76824851340155,149.9486464736995,152.64936924204025,5357900
2024-02-14,152.273193359375,153.40171279258126,151.0192926899247,152.2539129955436,4528000
2024-02-15,155.0125274658203,155.55267203246734,153.26668308870205,153.26668308870205,3725300
2024-02-16,154.69419860839844,156.4014378132838,153.7778663190817,154.66526334850772,3167600
2024-02-20,156.97056579589844,157.13453720958216,153.61392775324572,153.7200286347865,5406200
2024-02-21,158.26304626464844,158.30162171091172,155.7745105223615,156.75835365718083,4530000
2024-02-22,159.56517028808594,160.23071077008282,157.69395951098278,159.05396102002578,5041200
2024-02-23,157.88687133789062,160.11497495988846,157.82900081022862,159.95100355890108,3479100
2024-02-26,158.47523498535156,159.64232979126808,157.9736659181515,158.78388268358955,5251300
2024-02-27,159.0925750732422,159.78705092241182,158.42703449130155,158.74533714865737,2886600
2024-02-28,157.25990295410156,158.07013447773966,156.62331244544743,157.70360151985182,2933000
2024-02-29,161.3978271484375,161.95726678418708,158.4559526491661,159.05396773111022,7267200
2024-03-01,164.98593139648438,165.98905479839857,161.38817162896933,161.61001353863458,5233700
2024-03-04,166.32667541503906,166.9150503401403,164.8026876628451,166.38454594573167,4401600
2024-03-05,164.59048461914062,166.59674640187924,163.27869863495908,165.28496041769768,6215600
2024-03-06,165.77685546875,169.55788175811438,164.62904102561842,166.97290025411556,6312700
2024-03-07,169.05633544921875,171.44841041588404,166.17233157333834,166.17233157333834,5980400
2024-03-08,166.19161987304688,169.35533606955337,166.16268461107788,169.2395950216774,5632600
2024-03-11,168.01463317871094,168.1014389740275,165.44893174189244,166.172342805202,4207300
2024-03-12,168.60299682617188,170.09804920062007,167.0886493703315,169.75081132473426,5802600
2024-03-13,166.5581512451172,168.11107420398685,165.1402791432091,167.7252608687219,5199500
2024-03-14,165.07273864746094,167.47446838609432,163.7802479026786,167.16580597178773,5028200
2024-03-15,166.40382385253906,166.89573803048717,162.70960327367104,163.58734547947148,19078800
2024-03-18,163.211181640625,168.5933467955399,163.06649060275694,168.35220978359501,5213800
2024-03-19,160.8480224609375,162.3430748349854,160.09567618302546,161.73540487288923,5640000
2024-03-20,163.95387268066406,164.10820390025046,160.37540767324506,161.1566892353778,4404600
2024-03-21,166.47134399414062,168.59334675518062,165.63219190248057,166.702840823973,4371600
2024-03-22,166.36524963378906,167.5709347404303,165.18849979228037,165.64183856980432,4177200
2024-03-25,164.79302978515625,166.22055668768664,164.5615329694077,164.7737347043853,3298600
2024-03-26,161.957275390625,165.76723745116988,161.57144731900064,165.36212901434132,5898300
2024-03-27,166.7414093017578,166.7896396456867,162.84464182835808,163.00861322344863,4272300
2024-03-28,168.033935546875,169.61579388518345,167.18512848608245,167.3298048178828,4417800
2024-04-01,167.03077697753906,169.67364382101746,166.7317694495576,167.94709464266012,2303200
2024-04-02,164.32040405273438,166.23985994339142,163.5873528435672,166.23985994339142,3304500
2024-04-03,164.30113220214844,164.83163664069025,161.93799212264815,163.56808088933246,3295800
2024-04-04,162.55526733398438,166.86679791416435,162.14051877367132,165.6804080384271,7491300
2024-04-05,161.56178283691406,163.24974176207584,161.214544983596,162.59385621571607,5012300
2024-04-08,163.4523162841797,164.25287820054177,161.3302988355441,161.6678965345093,3154000
2024-04-09,167.31051635742188,167.36838688734213,164.09856948632574,164.937721605841,4830700
2024-04-10,162.9314422607422,164.3686240427053,161.9475992047059,163.84775989393086,5662800
2024-04-11,165.13063049316406,165.75759558399335,162.1694755024506,163.8767150293413,4352100
2024-04-12,160.4332733154297,163.42336333522363,159.8931287811616,162.4491751371926,5473600
2024-04-15,160.4525909423828,163.3365804969089,159.45910752343522,162.3238019939306,4739500
2024-04-16,161.64859008789062,162.54562734953447,160.9058987509192,161.54248922291842,3389000
2024-04-17,159.8256072998047,162.98932369388217,159.63270063535316,162.41060370052756,4564900
2024-04-18,157.86756896972656,158.84175714868886,155.82273192492735,157.87720915128025,5605500
2024-04-19,154.01902770996094,158.59099082921858,153.4692429670588,157.2984999564524,10497600
2024-04-22,157.6360626220703,158.32089813467599,154.37590059604912,154.5784474212727,5942400
2024-04-23,159.603759765625,160.98305634995015,156.7004755653419,157.2599004572515,6833600
2024-04-24,168.6126251220703,173.12671719037732,167.4551705233208,171.91137735153166,13965900
2024-04-25,169.03704833984375,170.77323779988285,166.15304432795006,169.82798481746426,9130800
2024-04-26,171.18797302246094,171.9789094382589,168.79589812995576,169.03703512728427,5401900
2024-04-29,172.93380737304688,173.41608138121492,171.02400642169516,171.18797781833214,4191500
2024-04-30,170.16555786132812,172.88559030934562,170.05945699169976,172.09465387796422,6444300
2024-05-01,168.98880004882812,172.3743728158634,168.21715873543306,169.6061101559774,7167700
2024-05-02,169.56756591796875,173.43539866008996,167.49377858672662,173.43539866008996,4838300
2024-05-03,172.56729125976562,173.30998264464804,171.1397495811701,171.19763482584415,4545100
2024-05-06,175.2294464111328,175.44164816432342,172.9145369262989,173.52219220331236,4127400
2024-05-07,177.46389770507812,178.3576758984275,176.49239773527495,176.68669476445297,5152700
2024-05-08,178.7073974609375,178.82398752516627,176.31751609096472,176.5798103816785,4220900
2024-05-09,180.03836059570312,180.45609841869154,178.4256672755147,178.7559736691211,5843300
2024-05-10,181.71905517578125,182.01050810401347,180.43666822112417,180.58240209719614,5606800
2024-05-13,182.4671173095703,183.01115487869154,181.3498835364924,181.67048028056283,3686300
2024-05-14,185.6827850341797,186.0033817876522,181.76764153024374,182.09794794633817,4917500
2024-05-15,189.95736694335938,190.03508871123475,186.42110803654316,187.09144531354568,5936800
2024-05-16,189.413330078125,190.28767402804436,187.10115565317125,187.11088013913556,5371800
2024-05-17,189.46192932128906,190.94832309748762,188.30584197893168,189.44249517108864,4534200
2024-05-20,193.5227813720703,193.59079348204415,188.956734706415,189.46191881622272,5282800
2024-05-21,193.3382110595703,193.6199543629965,191.23005782321604,191.55065460440085,5489100
2024-05-22,196.76760864257812,197.81683044898955,193.95997416183496,194.27086128547418,9119000
2024-05-23,191.66722106933594,197.16591441454483,191.2300490510158,196.82589832203496,7125400
2024-05-24,193.50335693359375,194.0765531821402,192.11411909179634,193.1633408383986,4354100
2024-05-28,193.91139221191406,200.12898584250453,192.26955495623451,200.12898584250453,8661000
2024-05-29,189.35504150390625,192.02666612220168,189.2093076303796,191.05516626100334,5607800
2024-05-30,190.10308837890625,190.34596334759797,188.22810073608377,189.87964755840514,5213500
2024-05-31,189.4521942138672,191.08432178920486,184.83756959018245,189.80193477830295,9137300
2024-06-03,188.198974609375,191.02604306832347,186.23654052725567,190.77344358984578,4153500
2024-06-04,187.7909393310547,188.88872417109366,186.58627408190517,187.80064899374085,7221600
2024-06-05,190.49171447753906,190.62772387936943,188.02409627072845,189.2287615611639,5988600
2024-06-06,190.6471405029297,191.03573452274603,188.97615953467843,190.3945410485286,3905500
2024-06-07,190.0351104736328,191.76437924113526,189.22876371648522,190.36541690699548,3308400
2024-06-10,191.98780822753906,192.16268592046293,188.47098328312444,188.64584615213604,4202400
2024-06-11,191.81295776367188,192.20155182477077,188.93731131023503,191.53121446904893,4193200
2024-06-12,193.30905151367188,195.55321397542056,191.7449360367088,193.78509181497802,4655700
2024-06-13,190.68600463867188,191.8129481126352,189.3064765200943,189.44248591702694,3409900
2024-06-14,188.3738250732422,190.05453057696357,187.56749319960338,188.31553745094658,3479100
2024-06-17,189.3453369140625,189.6270802048055,186.69314616499875,187.6646461282806,3804900
2024-06-18,190.65687561035156,191.18147908950903,188.6944414533734,189.6756659438193,3036900
2024-06-20,187.26634216308594,188.95675756739305,186.70287036165024,188.95675756739305,5464900
2024-06-21,189.95736694335938,191.85178871059816,188.19895456392462,189.43276354008998,12516800
2024-06-24,188.38356018066406,190.95802913661666,187.8395225766826,190.00596332964912,3655700
2024-06-25,188.92759704589844,189.38420320972165,187.32462805301293,189.38420320972165,3456400
2024-06-26,187.59664916992188,189.43278351080414,186.70285615708383,188.28640584367636,3301000
2024-06-27,187.91722106933594,188.37382721439107,186.33368629129484,187.1788864720124,3874500
2024-06-28,188.9858856201172,192.25012607154417,187.98524184941576,188.61671089247136,8861000
2024-07-01,189.05389404296875,189.42305393949692,187.24690356362515,188.11153791630548,2873600
2024-07-02,192.76502990722656,193.37707965623244,188.90817368757794,189.43279199355834,4168700
2024-07-03,193.27020263671875,193.88225234954186,190.51114633343292,192.48329004818206,2454800
2024-07-05,193.1244659423828,194.44570644958185,191.61865289925123,194.29998738860544,2887900
2024-07-08,195.72808837890625,195.96125369430214,193.71707644638616,194.30969198542755,3927100
2024-07-09,194.45542907714844,196.63157942779148,193.40620737641163,196.63157942779148,3742300
2024-07-10,197.81680297851562,197.97224651874907,195.27147800881866,195.572640603076,4559500
2024-07-11,194.290283203125,198.18599272348283,194.1834176140921,198.00140535843389,5585400
2024-07-12,196.11669921875,199.43922742230183,195.57266159345454,196.35957421746502,3683800
2024-07-15,196.0098114013672,197.29219836465478,195.1063236240697,196.10696731940237,3089500
2024-07-16,200.7313232421875,200.87705713507333,196.81617946738555,197.68081386575318,3134400
2024-07-17,198.4385528564453,204.8310236106906,198.21511204295555,199.2934774630651,7792500
2024-07-18,200.002685546875,201.10048520978816,197.48650428967028,198.9923321437048,5497200
2024-07-19,193.42564392089844,200.27470663654933,193.07590334965525,199.50722820671956,4868000
2024-07-22,200.0124053955078,200.1289806405786,195.2811907729193,197.31163684267898,6063800
2024-07-23,192.63870239257812,197.195039147438,191.81293639874193,194.87315505479717,6083300
2024-07-24,192.62901306152344,200.6633219722872,191.29806284492253,200.47873460597344,11049100
2024-07-25,191.53121948242188,195.9806912708624,188.58757566200313,192.6290192284356,9555400
2024-07-26,196.23326110839844,198.55514516960596,193.4061929717404,194.7565771776492,5384800
2024-07-29,196.12640380859375,198.3122785752676,195.03831384447815,197.47678807149356,3392000
2024-07-30,195.2617645263672,198.66201407691275,194.018245876652,197.80708944626673,6062600
2024-07-31,199.2904052734375,199.92600013893787,195.0662112701477,199.92600013893787,7462400
2024-08-01,189.0428009033203,199.59352005306235,186.72536175348864,197.27608090323065,7958500
2024-08-02,183.30299377441406,185.4150834290942,181.94381826848297,183.35187306479696,8050200
2024-08-05,177.17201232910156,184.55458982094393,176.0768537329475,180.51617011700066,8659900
2024-08-06,182.8042755126953,186.09955401126206,178.55074816400406,179.4503448555922,6210900
2024-08-07,179.98817443847656,187.272964447337,179.64592987332512,186.02135020057202,5013000
2024-08-08,189.0134735107422,189.70772053075558,181.43533384917154,183.07807180110524,6180400
2024-08-09,187.94764709472656,189.16013988298266,185.75731492047004,186.7840335934158,3066500
2024-08-12,187.80096435546875,189.33615592727682,186.54935023393656,188.1823152999916,5235900
2024-08-13,192.87588500976562,193.32569085031096,189.11125467005166,189.5023934271385,4969000
2024-08-14,191.2722625732422,193.0030162203029,189.16015794500734,192.64121098760626,3072000
2024-08-15,197.45208740234375,198.65482223910598,194.0981566433051,196.05380557673888,5081900
2024-08-16,196.08314514160156,197.9605663849302,193.78525160604903,197.45209346889814,4236400
2024-08-19,196.21026611328125,196.5916170682817,193.6092493840897,196.09291702837658,3788900
2024-08-20,198.048583984375,199.91623251417096,193.69726758490665,195.99516131742203,7111400
2024-08-21,203.74928283691406,206.20363183938022,200.35623068579292,201.77408812309446,8119300
2024-08-22,199.2512969970703,204.99112187778337,198.3028060648357,203.83729616169768,6879900
2024-08-23,205.22581481933594,205.8418341204129,201.7349741247549,202.23367417850537,6112000
2024-08-26,203.6319580078125,205.35292380617983,202.94748382212197,204.3653264039991,5806000
2024-08-27,206.01783752441406,206.42852200648574,202.95724219513536,203.30925959697066,4373400
2024-08-28,203.13327026367188,206.5849896104731,201.402516693159,205.95918251723933,3998100
2024-08-29,206.40896606445312,209.65535050240385,205.00089642488015,205.96894803219095,5622800
2024-08-30,209.58689880371094,209.89980980410002,206.71209239941155,207.86593306282415,5860900
2024-09-03,197.3543243408203,207.2499036925797,196.72851724585567,207.2499036925797,9284000
2024-09-04,199.47621154785156,201.17763166475754,195.84847584148235,197.1489843052593,4650400
2024-09-05,197.08053588867188,199.74021978883215,195.25199388205036,197.81390428201567,4107400
2024-09-06,193.07144165039062,197.3934240852349,192.36740682729751,197.03163380018506,6314400
2024-09-09,196.70895385742188,197.80411252836024,194.57730359857146,197.60855061146665,4864100
2024-09-10,195.3693389892578,196.8165150782458,192.6607609339916,196.70895378593076,4859400
2024-09-11,197.9214630126953,198.3223746434303,190.7148862149049,195.2715520207554,5900500
2024-09-12,191.634033203125,197.52054062113504,190.35308554972994,197.12941680589373,7201000
2024-09-13,195.49644470214844,196.42538991148194,192.46519771092767,192.73898737670456,4617000
2024-09-16,194.06883239746094,195.07599045278172,191.64383178157948,194.3132885258479,3717800
2024-09-17,196.924072265625,197.76500191880845,194.5186174696387,195.01731750562112,3478500
2024-09-18,196.2591552734375,200.42468213016767,195.52578692342334,198.1854557460241,4262100
2024-09-19,202.99636840820312,205.89072051915906,201.12872006689605,203.00614128167172,5155600
2024-09-20,198.79171752929688,200.7082451330792,196.62094601451065,199.84776974625373,14502900
2024-09-23,199.32952880859375,200.27801976016295,198.34191652188193,199.36863522331865,2757400
2024-09-24,200.39535522460938,203.79818030362097,200.07267134946946,201.4905138890228,5573200
2024-09-25,200.51268005371094,200.81580324703867,198.6156982265949,198.6352588933823,4124600
2024-09-26,204.6195526123047,205.90051525994778,200.51269263389497,205.65605913122795,4521300
2024-09-27,204.502197265625,207.02498604318936,204.17951341868365,206.15472291189292,3074400
2024-09-30,201.9892120361328,204.0719680536914,199.57398435249794,201.52963333225622,5459100
2024-10-01,197.12942504882812,202.42923204516956,195.27154954770216,201.49051396075401,9039900
2024-10-02,198.9188232421875,201.18738315696052,197.2369788934915,198.410365264394,4389400
2024-10-03,197.19784545898438,198.92859882910187,195.82889726366992,196.6209326424173,3167000
2024-10-04,198.21481323242188,201.78386673017226,196.87518350617958,201.52963772860804,4092900
2024-10-07,196.80673217773438,198.28324173300035,195.24220708202728,196.14180378991287,2772400
2024-10-08,197.72589111328125,198.74282198922657,194.82175126622596,196.52315628178997,6283700
2024-10-09,200.4246826171875,200.94292839215674,196.91429635415653,197.08052472344693,3214900
2024-10-10,197.98013305664062,198.8503962883322,196.425395640543,197.48144791952012,3649400
2024-10-11,200.56158447265625,201.22649797311286,196.90451545889132,196.90451545889132,2815800
2024-10-14,204.03286743164062,204.32621777101622,201.0798332106511,201.56874546947105,3291600
2024-10-15,195.408447265625,204.02307884532112,194.48928983534503,203.40705954748384,6818800
2024-10-16,196.23960876464844,197.61834494304802,194.86087258624886,197.50099585269552,3311300
2024-10-17,193.90260314941406,200.35623595758278,193.71681410540785,200.35623595758278,4686900
2024-10-18,194.06883239746094,195.52579629399762,192.37720016674032,195.05642978479372,4029500
2024-10-21,191.42869567871094,193.54078513932762,189.8152763930254,192.3771865835154,4948100
2024-10-22,189.66860961914062,190.96911792712393,188.57345101048818,189.31659222058562,7910800
2024-10-23,197.2663116455078,198.49836509196987,193.6092427990642,196.58182258816728,10548500
2024-10-24,202.0283203125,202.3216706462506,196.7480739866606,198.32237202669035,9309300
2024-10-25,202.34121704101562,206.70232088500472,202.16521579245273,203.0061454610059,5103100
2024-10-28,201.26560974121094,202.7127857596129,200.45401365158617,201.7936283829194,4409000
2024-10-29,206.6632080078125,206.89787633189192,200.75713984485827,201.56873594660672,5522800
2024-10-30,203.3190460205078,206.13518542287335,203.14304476806905,203.3875008989572,4914000
2024-10-31,199.9627227783203,204.68718459300942,198.2304116023659,204.68718459300942,6543000
2024-11-01,201.69500732421875,203.46668228006467,199.8839684887537,199.8839684887537,4208800
2024-11-04,200.454833984375,202.3643049670357,199.36230239216442,200.28751122035248,3693800
2024-11-05,199.27374267578125,202.28558277189228,196.57685869144618,198.88988099723085,5253200
2024-11-06,211.5868377685547,212.28565549181667,205.09070150411696,205.6418859108162,8527500
2024-11-07,214.11639404296875,214.8152268186027,212.17741131106482,212.4037874136014,6020800
2024-11-08,216.8231201171875,216.92155234768313,212.8073434337418,213.63412010276593,5020700
2024-11-11,212.47268676757812,216.27193964735267,210.95692951316656,214.57900737852154,6154700
2024-11-12,209.4313201904297,212.01993471188203,205.71081008981875,212.00024526167533,4990800
2024-11-13,202.482421875,208.51595399347315,202.10839743138914,207.6891623276676,7921800
2024-11-14,202.75802612304688,203.81119395312356,201.1635260633871,202.0395188764737,4783800
2024-11-15,197.95480346679688,201.54736941014406,197.1280268457897,200.6418500130435,5970400
2024-11-18,203.91943359375,204.40172747422238,198.35835822011464,199.0178120860774,7912100
2024-11-19,197.90560913085938,203.0828229319301,197.8268663520772,202.64974515795282,6716000
2024-11-20,195.07093811035156,196.4587514900301,193.37800583556285,194.96266866189472,7344400
2024-11-21,195.0807647705078,197.27566526829585,192.81695870986198,195.12998088417064,8080300
2024-11-22,194.8839111328125,195.77959331875724,193.40751786665484,194.65753503722337,7861300
2024-11-25,199.736328125,200.92729203746887,196.81308310442148,198.2599347726079,9274400
2024-11-26,197.78749084472656,203.65370030606405,196.015815838373,202.7580180780395,5260500
2024-11-27,196.05519104003906,198.2500915522259,194.53941883371678,197.48236823372739,4732200
2024-11-29,197.86624145507812,199.3229453985489,196.5571708435418,196.9311953093094,3167400
2024-12-02,198.60443115234375,199.22452116191417,195.35636279641014,196.63590669646274,6373900
2024-12-03,194.12603759765625,196.82292154485538,193.89966148743605,195.53354041205998,4743400
2024-12-04,193.55516052246094,195.34652498076164,192.53153441675315,194.5886388623537,7172600
2024-12-05,189.9527587890625,194.0472779416058,189.1850355092951,192.66931693142035,6049100
2024-12-06,190.06105041503906,192.06893883837853,189.56891927985632,190.61223488345968,5140700
2024-12-09,190.405517578125,194.69690132561115,188.58464153851878,189.00786707110348,3880300
2024-12-10,187.18698120117188,190.64175119442808,186.45863677260127,190.28741619559796,6064200
2024-12-11,188.6830596923828,189.93307688468892,187.216518634432,189.11613746097072,6057800
2024-12-12,188.6929168701172,189.23424907638605,186.61612298444797,187.50195297529663,4025600
2024-12-13,188.57479858398438,189.2047258155919,185.3365824289979,185.83855076369068,4772800
2024-12-16,186.47833251953125,188.95866257645338,186.2027252723343,188.8405559124047,5829700
2024-12-17,185.15939331054688,188.48620422768724,184.55899279032892,186.14365547361575,5046100
2024-12-18,182.0885009765625,189.33267112967332,181.9014887617649,185.48420245050377,8281900
2024-12-19,181.5668487548828,184.41136590460738,180.98613766289577,183.94876147033995,6290000
2024-12-20,183.9290771484375,185.503902715629,180.46448493045568,181.56685381629993,11462100
2024-12-23,187.1476287841797,187.42322102030087,183.10231022418236,183.10231022418236,4297600
2024-12-24,189.4114227294922,189.4409493943991,187.4724249678089,187.49211441729665,1950900
2024-12-26,188.7126007080078,189.68702576143397,187.52165177247062,187.6102317722411,2019000
2024-12-27,188.17123413085938,188.76179743931212,186.70469311199474,187.4428897382363,3253500
2024-12-30,185.00192260742188,186.70469194273358,184.26372598580338,186.70469194273358,4065200
